basin,L__NSE,L__KGE,L__logNSE,G__NSE,G__KGE,G__logNSE,G+T__NSE,G+T__KGE,G+T__logNSE,G+M__NSE,G+M__KGE,G+M__logNSE,G+T+M__NSE,G+T+M__KGE,G+T+M__logNSE
03456500,0.5038683946018855,0.6537419338814713,0.6158872105190352,0.5498250414743516,0.09353928654061398,0.4006600938824267,0.547736921022555,0.06961012731692273,0.3694619038481876,0.5667057786227385,0.21112152403161608,0.388302929707546,0.5587489658819261,0.09858013590912307,0.3601336057209262
03182500,0.7656943275208504,0.8511386519929718,0.7785997573377313,0.7225903425706554,0.35502221398354994,,0.7262533295340905,0.41328570744673243,,0.7211022406126375,0.38039251957090164,,0.7228879568223157,0.2310735164836796,
01539000,0.7565066213173203,0.7014546732257498,0.8331884919870256,0.5684331796883256,0.326741923085291,0.6778389734571126,0.5625638713180806,0.4829050726144904,0.6789811379072832,0.5849124168868505,0.4686009751397628,0.6692500448976472,0.5775144317628179,0.5048228260921487,0.6548431396030805
01350000,0.7306327540106675,0.8195203313327064,0.8178770644456929,0.6543957111508012,0.6748109066210599,0.6901738445508626,0.6563998783502704,0.6533539620330923,0.6755534374128186,0.7024116615864076,0.744065862238501,0.7135855555455414,0.6865049627818983,0.7440990702844189,0.7099807449418756
03238500,0.5641116747318714,0.7050366039529113,0.5392651065703499,0.6198910262640888,0.32445514593505426,,0.6196739287992906,0.3015694506147639,,0.6222199897162684,0.29709014179246773,,0.6015666920902877,0.23414682732420644,
01030500,0.7983310768770181,0.7530630572934617,0.8194666121696724,0.6683695803162438,0.6066652628521848,0.7106653379625464,0.6750796417755428,0.7295135355845099,0.7210082661984382,0.6862438495582636,0.7298821839906795,0.7233242420385576,0.6885385974493987,0.5420465660359518,0.7290930856990712
01365000,0.7267505051188227,0.6894433098316695,0.7955948217806049,0.6667500289695414,0.5115222838460359,0.5996820481038115,0.6710006318359859,0.5127378466768945,0.6274447002849229,0.7211255037802,0.6119062756352137,0.592276744150063,0.7092166319354142,0.6305370071555342,0.5818569653370956
03460000,0.5217359533936105,0.7053186575487267,0.6577963713235535,0.6639105855778494,-3.1302659683985667,0.4735255299668919,0.6357052652833489,-4.242369583665964,0.464291283159179,0.4530189310354613,-4.9309600912789024,0.36482046784561645,0.40512550346289244,-6.8037099786607165,0.38230661431573365
02046000,0.6631685152274059,0.6237043899236899,0.6050441637685026,0.6306374617690146,0.6319081103929084,,0.6261759648801425,0.6160455944276292,,0.6603537542097317,0.6442817360519958,,0.6059728972483693,0.5840494794633463,
03028000,0.8017947668526673,0.8298610323050198,0.7898048140140128,0.7228451604317249,0.4135314911633093,0.6652817455392335,0.7235558835409047,0.562292528371264,0.6856586165644559,0.7358058797956607,0.413660572699567,0.6811191396859965,0.718515479504627,0.5045760035890569,0.6740723463917441
01350080,0.08178541835497555,0.4181724687319656,0.7128777121380985,0.48245473134783295,-2.411794940134826,0.48423753294894484,0.48354171270685287,-2.8561589711431075,0.46995654494435907,0.4808296190070854,-1.951089750775181,0.5127130583433285,0.39663619882294016,-2.8259467488670986,0.469563069221008
01484100,0.42527347138615496,0.6740921235875051,0.342178910620488,0.3165579678087861,0.5661881999870187,,0.30866229451310107,0.5591712007558584,,0.28122802606719566,0.5815175869070907,,0.2881567237678146,0.5687285878897409,
02015700,0.701785068020134,0.6840034151483402,0.7359576747778439,0.6453740596116655,0.49896441707550854,,0.659208534643377,0.581276656292053,,0.6239638039243487,0.47989548313418545,,0.6329392498249423,0.5621862197843571,
04224775,0.6796134889775267,0.7727010200829447,0.782233919754419,0.5926273112287312,0.5331353943791336,,0.5980096082104992,0.5878308568400907,,0.5618094636207643,0.5401020293714489,,0.5416490544387572,0.5763884440428525,
01466500,0.22842408010475757,0.6339086756272052,0.4280336958419115,-0.11797241572503943,0.5063254356607904,,-0.15671098738556855,0.48501494396708805,,-0.5458353601491496,0.34261663923740365,,-0.6713214195227546,0.31090265918062016,
02016000,0.7846598577704101,0.7685042650877666,0.7201138173395237,0.6990724123800959,0.540620683700408,,0.7387268168906503,0.6411302653293275,,0.7123338294470312,0.5849071224331325,,0.7215227906523215,0.573271354745794,
01134500,0.7272253885584341,0.7504244274359416,0.8095827746927515,0.6517862520676831,0.5055391533077325,0.643273667886486,0.6664823454165961,0.5546442905834514,0.6540302789810223,0.6632957502069607,0.5797880765966942,0.6385144523519174,0.6710479817860234,0.5995086046481773,0.6482601200534043
01518862,0.7401603678533263,0.7908598856042203,0.6524492127200087,0.5912159188262902,0.6243993421832996,,0.6017471097541898,0.5949182995733749,,0.578897604358152,0.6640563738499309,,0.5522423465496792,0.539204153708635,
01545600,0.671712953422314,0.7770459521969916,0.6686057883359503,0.5606388233582127,0.5015786433479096,,0.5568729335336144,0.3922495943960338,,0.5483428814778439,0.5132551127067879,,0.513326599881769,0.43935577218534433,
04197100,0.617276179577486,0.7367243156105436,0.7129375366176666,0.6894833864472245,0.06589872678260189,,0.6978073727188886,0.08626762077574464,,0.6926580910595875,0.3449221293190603,,0.6782927146974523,0.12917998027763167,
01549500,0.6483109347319748,0.683900879921222,0.6552779446028757,0.640319716357,-0.494307186780057,,0.6469604485486383,-0.6547122828849641,,0.6350015261410423,-0.4328001667171624,,0.610393337352282,-0.5073859333176892,
02140991,0.4890409143206045,0.7088210612771757,0.5592776487347554,0.5039194756188498,0.2568447296510038,,0.4836607576010145,0.07959838665695329,,0.48917304883594864,0.22816804748091643,,0.5149941820989662,0.25106706111124016,
03049000,0.7371064422737229,0.8257267417626273,0.7007142083411169,0.7185278509879812,0.41740785503594574,,0.7216303023039714,0.6093507292515092,,0.7168162073087708,0.6986016107862998,,0.7153757787018393,0.610383194492582,
02111500,0.4068181216646778,0.5936398186211391,0.25953347739301375,0.35469502137963643,0.3793389466385564,,0.33018409044318914,0.3663583756179613,,0.41227637115362686,0.4001488337057057,,0.3629319008371225,0.4009075391127168,
03450000,0.5782281834395585,0.7300095197645206,0.6208340697374454,0.5597831853440766,-1.9068960606140177,,0.5380400960429198,-3.5419949076801465,,0.5106350523906776,-2.6060993949071527,,0.5251615676776457,-0.6988457121487596,
04122200,0.7525061619009449,0.8329657272744296,0.8016823525912028,0.6659931965636334,0.7614855385148919,,0.6354386765639669,0.7284473607438152,,0.4694761387693152,0.6619301768919476,,0.48185749328668354,0.6939906853099606,
02053800,0.4333053762732491,0.5490272324671249,0.3738967052203422,0.6453440954384444,0.719798872970273,,0.6262818459060843,0.714321691999218,,0.5532244893063941,0.7219243508629534,,0.5433859514359214,0.7127359466845308,
04196800,0.7223869526350285,0.8040704080338207,0.5879958200536733,0.6464788872913291,0.05395926258957066,,0.648472664656456,0.09769652575476599,,0.648399258628129,0.2720188155508234,,0.6462883380916606,0.025429496507239358,
02017500,0.68422051704545,0.7452276695395716,0.5825341626020445,0.6693880506234352,0.6440862083051981,,0.6678905365838821,0.6523196785221285,,0.6943894721938785,0.7197687728774987,,0.6640870960497675,0.7096511079435165,
03165000,0.45410673421997094,0.6968047950706912,0.593702572298381,0.6789472637443845,-0.004240845089612015,,0.6617014886253959,0.16300644979143594,,0.6033429132773838,0.07542525111468772,,0.585639560844744,0.2721225789528826,
01543000,0.8169678776732555,0.8123676288918243,0.817977349632554,0.7252486748053683,-0.2114730460217038,0.679369338806529,0.7308762881294705,0.08692075541357917,0.6773106421988823,0.7444791994590639,-0.3599162458920695,0.6599081682370048,0.743445527769569,-0.4500701540046923,0.660797832544188
01491000,0.7113784438217103,0.7730256782671684,0.609448067014687,0.7215973680335391,0.6806751387748017,,0.7191454470266042,0.639977070687022,,0.7353776312384,0.7171389864736376,,0.731748738337223,0.7386629919411408,
02051500,0.667004691436844,0.6991229860189819,0.39910684818315056,0.5654736844576034,0.6652551431150137,,0.5686067839643553,0.6550011022717254,,0.5233381638545841,0.7110730886474775,,0.5322249203902536,0.6854760154023153,
02070000,0.5101744310475954,0.5953450324717884,0.43787723810840085,0.39392752874705567,0.5393886770229156,,0.37951844315691385,0.5221971892864928,,0.4030729823969858,0.5987792352830121,,0.3727727333808139,0.5864584502656157,
01415000,0.5616517214399384,0.774764093037942,0.7746660550329123,0.6601176897431431,0.6873319440980442,0.5592838951851998,0.6401862757716584,0.6772586931581214,0.5650385242184727,0.6855181048390313,0.7239230248958949,0.5472555116836286,0.6670777688016085,0.7422330289630068,0.547149035750221
03011800,0.7229011211238107,0.6463944414401314,0.8037951250441197,0.6574904335883669,-0.04572946526700461,0.627869077800011,0.6469758301407267,-0.023493487113302052,0.6287084425281609,0.6533153435171603,0.0685937864462726,0.6338728218895766,0.6338776760935899,0.04948999007622875,0.61822358560583
02014000,0.5768752850978243,0.5740317636473248,0.6065486910444958,0.6114922044775194,0.5600748496430824,,0.6079537102922289,0.5498605137480592,,0.5971649916216452,0.6082240631954844,,0.5985358694107549,0.6297962489986261,
02028500,0.5438061316150741,0.6002923156372467,0.5733430419751615,0.5434674147544635,0.5208092766178826,,0.5232920621387923,0.5285779733596138,,0.5369912675357643,0.4904213866629005,,0.495101680196047,0.5040619413563843,
02056900,0.5416955128192583,0.5070571432942416,0.43767058011164767,0.5992890612266007,0.5756921093513213,,0.5903974205768842,0.5731972106913008,,0.6381687878085246,0.6847641053687991,,0.6082749354438596,0.6575551591849748,
01516500,0.5683501146330238,0.6860973937260199,0.6216995383569689,0.5448258719264912,0.5645003668334513,,0.5752118042751116,0.5777785819705067,,0.5678888841723874,0.5670221972377759,,0.5309436366029667,0.5046714951083785,
03213700,0.6779655977365499,0.7233658255582784,0.595338146056756,0.6056022087366427,0.691124520206157,,0.5928303513425531,0.630618136214585,,0.5602038452439912,0.7015816713624599,,0.586888650313071,0.7059992911450962,
01547700,0.7274065574860956,0.7351002344112665,0.6952187952322522,0.6134624932007505,0.5405781793483916,,0.5900479728815881,0.5014959565776537,,0.6242217192554965,0.6404633392735576,,0.5853453719719344,0.5733507294997152,
01485500,0.664055244740953,0.7554301334260113,0.5815914097305069,0.6576640424615618,0.700341896492889,,0.6547305520780506,0.6409730974832977,,0.6587753564504472,0.6778575608654216,,0.6587579816893728,0.7272271304629802,
01632900,0.43042214336095985,0.5535360704478981,0.37006094058327715,0.40620467516315256,0.5005408815277039,,0.41719294027697723,0.5151184964744017,,0.26661746197137115,0.6015825272982619,,0.1919681319220374,0.5812373529482682,
02027000,0.5266125772029769,0.5493195101292433,0.6679101238636701,0.4666621682245178,0.3745103653388073,,0.4748966302189909,0.3925056468077001,,0.46095596262650523,0.2649478634778203,,0.45125422867642134,0.3101227222694674,
01078000,0.7726304904094965,0.7777924226427001,0.8439992608561289,0.7317096194309473,0.4692037784370111,0.6231222053482647,0.7167622641736866,0.45290939098610244,0.6389447424202194,0.7393386260798159,0.45548533308583883,0.6094777627887001,0.7308095327463268,0.42508087631490143,0.6330198739990244
03049800,0.5065543713013795,0.46367318570570654,0.6821537799211409,0.5278445357071657,-0.08594237165765321,,0.5317206726788243,0.01045104811390681,,0.476018552679323,-0.303766772964772,,0.4811493126826741,-0.3051135215972364,
01606500,0.6655607547328919,0.6794723685449648,0.6871316101551675,0.594498415758723,0.6349076983694747,,0.5912818776976533,0.6545589969116347,,0.6062730773108188,0.6891916893080138,,0.5837357694095947,0.708076210703536,
02065500,0.11213340706450825,0.3716932913764783,0.1432377435362241,0.1162003733542278,0.4251543243806544,,0.16575514774831193,0.4672075324777303,,0.2261895269731646,0.549177355850711,,0.2122185548515381,0.5385557946748641,
03164000,0.6698726354502673,0.7732249915069396,0.5954993252317192,0.5282620169498883,0.42214304176559536,,0.48248643554485593,0.3193359113282652,,0.5670369783414962,0.41651502178239497,,0.605395968543208,0.5608955827437826,
02137727,0.5741291568369147,0.6723313554465092,0.5642414089201863,0.5485064217075811,-0.4657949108774589,,0.537052825995127,-0.5312603081145942,,0.5470975785837788,-0.6249320358505097,,0.5556659105478562,-0.34576754407151505,
03498500,0.7662983427857909,0.8270248248297795,0.7061076645102894,0.6775661072965266,0.6972085878791902,,0.6752808446328559,0.6395349011013929,,0.6568921146605667,0.5808523566009529,,0.6455014330521035,0.6294652371125646,
02069700,0.4211465919232848,0.633846018454265,0.3555289152259073,0.3141265113867547,0.442793234279059,,0.3227794044345093,0.42642387401039494,,0.39990181627625204,0.5509610666726906,,0.35364421159314335,0.5153257084054486,
03463300,0.5519009484204594,0.7287648335703977,0.7116153963785181,0.6530787456294466,0.5961084486469351,0.6157222513751599,0.6512022923851589,0.554171684155757,0.5598114801315734,0.6776425769943576,0.5803423967596429,0.46927609457037905,0.6754358416812831,0.5607745869512871,0.4636031712238564
03173000,0.6060686229536936,0.7290933285629779,0.5572368841182412,0.561267361608443,0.7009806230129918,,0.5279697926912829,0.7149889688676246,,0.5200614342405679,0.7429408843092458,,0.47315061044983403,0.722208840833121,
01532000,0.7386722786126305,0.8153432876793322,0.7690849477282947,0.699231379494484,0.5895915267304092,,0.7129158671216844,0.49813554066227467,,0.7216516238534645,0.5033391270060399,,0.6976887555776292,0.545860753419373,
03186500,0.7691578795931516,0.8680716006098508,0.7995529277259741,0.6991232392456511,0.6062884895811177,0.6526549087411248,0.7086172302117554,0.6781617899989043,0.6386957046770679,0.7273695218867632,0.6472512183770229,0.6466703750477867,0.7200345889349345,0.7263068047481233,0.6513242268650726
03488000,0.2741340078939586,0.4779459933839257,0.5770956922944211,0.5886312052601013,0.7240893385162636,,0.5645470325968193,0.68193786994159,,0.4553450125948644,0.6417827907611496,,0.4636246228210645,0.6436916096662633,
01557500,0.7528616674588289,0.7919555652058148,0.7764223651311596,0.6922945777272941,-0.03645068697937859,,0.6850622107151615,-0.19014536137818414,,0.6844384434627001,0.14170811858328436,,0.619714185920458,-0.007624133637862037,
01658500,0.5512210310385464,0.5808091657052171,0.46122057906562963,0.35258677609662287,0.35794082048417836,,0.37045305272958134,0.3569345224361015,,0.34004079198255144,0.36648828428145924,,0.3407872408566817,0.3439577652979449,
01596500,0.7810743800160886,0.8065598537359199,0.7829016966162742,0.729032249537631,-0.11757075129165258,,0.733123318926466,0.24741527941854471,,0.673430751230154,-0.30541990512233974,,0.6795095090751069,-0.3339097507111179,
01644000,0.7434206247228247,0.7244740420487682,0.4686399126973357,0.608485134185736,0.6196641052367617,,0.539102422238347,0.5751960707141842,,0.61377919971313,0.6577036952485622,,0.563322400551426,0.6600859122579309,
04213000,0.5747962271869971,0.7539113987460007,0.7148835803089405,0.5920576823916706,0.14983267468747782,0.4391839131853145,0.615486686178034,0.3370578599467485,0.48403902950239724,0.5923974649682932,0.2809338217596978,0.45940736215573946,0.6088993538410269,0.36583198129728106,0.48266789312958797
01487000,0.5027451492386407,0.6260974054112021,0.607335390807564,0.5780125268934296,0.6811056715879035,,0.5511515535401914,0.6276190392670782,,0.532322685634961,0.668631972105101,,0.5053462699402695,0.6466611785001039,
01669000,0.5035673324148696,0.6285076001914277,0.4574322869815783,0.5845712750637522,0.6208711189721753,,0.6125765666426616,0.6386214247483394,,0.4593344898442326,0.6586075274386819,,0.42618551326437143,0.6636030205995839,
01142500,0.6635357282962454,0.660693365739686,0.7711801913473325,0.6014600046032303,0.27563560928312886,0.4883731848552664,0.6122024407159669,0.3168013165519302,0.5008023687971673,0.6377780871043311,0.3159304528547584,0.5143977919889441,0.6747281688301919,0.3947019597756502,0.5445064216214597
04105700,-0.5355440859911796,0.27908693358451714,0.5601408219149998,-0.18337249399125413,0.376711542458166,,-0.11473762599356592,0.40636003973556517,,0.1741291261314908,0.47178301493665037,,0.2309548039539889,0.5175109872473788,
01413500,0.6199450468513451,0.7428022656507306,0.7914341966673325,0.6056593544089063,0.6454643385611227,0.649630320682066,0.609250039731723,0.6035684073268142,0.6273224792260753,0.5962140446118226,0.6931256950322547,0.6557422647688921,0.5693832886210781,0.6286840475163534,0.6542464655386965
01613050,0.6293255979276574,0.7065422011205352,0.620596846947565,0.6551363618833651,0.6911343062353704,,0.6589940671615143,0.6418082195584319,,0.5879668398085846,0.6757256447353076,,0.5855663965577155,0.6246229901518083,
03076600,0.6730546513934749,0.7700314013340938,0.7684139866778371,0.6800107168610016,0.2509240118583306,0.6858588692123281,0.6934107793407586,0.4146676890912396,0.6725955177805414,0.6602014597095864,0.298773091044584,0.6723263383390238,0.6823523940097277,0.3300445098666387,0.6343709897246075
01423000,0.8254208810217412,0.8716993113631663,0.8524611923661917,0.6314800997017099,0.6273430623533066,0.584833104575646,0.6274515335854665,0.6605098330913061,0.6179732007694584,0.6734321010735548,0.7469118865706186,0.6106284939473706,0.6656939725220055,0.7319350991658102,0.609029763444089
01411300,-0.10250502938740873,0.43719602618135917,0.5609301785665299,-0.27991588392096656,0.2600321908100233,,-0.19158196089884885,0.2783561330841336,,-0.20463547097875398,0.2604648394709091,,0.08310354183725426,0.3994024134732646,
01139800,0.6649065561632536,0.6683103068983298,0.7606636415079305,0.6060240303313532,0.27578100580702475,0.4306174331310026,0.5968159262490891,0.33929212142687426,0.3883977222429758,0.44762973821823104,0.21873850592789615,0.26333604922629344,0.5354433663208695,0.3043363411397144,0.3119220625345455
01605500,0.6453821877084439,0.5509751247479479,0.7056329532721414,0.531300027016192,0.4067174785022125,,0.5528124270801059,0.47357617605049757,,0.5132057196852952,0.48724787458880076,,0.5138650954141617,0.5252902989299221,
03066000,0.7141594246515423,0.8359048836913866,0.8116899873866109,0.7162402715318811,0.6667087058001712,0.6791283046250606,0.7043838808810374,0.6860568864387698,0.6756052510898277,0.7003569314047983,0.6336226550672772,0.6169390639771287,0.7106154930228561,0.7059507045641423,0.6205330534054777
03069500,0.8630078280848493,0.8743700368444333,0.8570984623975306,0.7704658908657648,0.733558300258968,0.7237669439150897,0.7787832812359462,0.7399159602996157,0.7166307304696153,0.7930638925916264,0.736053743241217,0.7111567919966998,0.7915708268107678,0.7415011044153097,0.700236412900786
03473000,0.687621944640322,0.7729664332679059,0.7395636160189575,0.6006799646031878,0.644427488286765,,0.5999345784067109,0.6301960093635924,,0.5276196876820388,0.6232483953039245,,0.534177365445664,0.6572524815399808,
02081500,0.6057659557617919,0.6038179544964856,0.3222082601429083,0.49434634387556375,0.6760638622081148,,0.5062122614819825,0.6706788456246038,,0.5596812446160592,0.7166976806600341,,0.5590647821444987,0.7433401405905982,
01634500,0.4585958102398689,0.5714433742657837,0.4400855928997062,0.4897473475998053,0.6290088954428542,,0.4805271899529779,0.6377486808488749,,0.45690316519978896,0.6588310172053725,,0.4420500884385595,0.6704263053921778,
01439500,0.7560459613295483,0.7235859072294518,0.812190896555717,0.7349701571935595,0.679024462978551,0.6150023109630155,0.7502814259831506,0.6451760001861524,0.6246694708280464,0.78461113020209,0.7477348934232207,0.6869825117491466,0.7802577957381683,0.7405930954396217,0.6615682917127187
03070500,0.7947365342181061,0.8473996778422116,0.7846490143623573,0.7557011163845907,0.7255260786658586,0.6978679085076017,0.7632724919647007,0.6157327139060605,0.698471327768941,0.7693193389880609,0.7920119933199784,0.6865279634669476,0.7751105017323737,0.7444754683189547,0.6856465740037385
02143040,0.5591554372905946,0.5839310442593479,0.49521973848125517,0.5696590128140381,0.23006355091066633,,0.569750658705054,0.0991607475845171,,0.5386237093514981,-0.07322076380342168,,0.5314469911146186,-0.026411482499699934,
01055000,0.693235443234088,0.6760775760253871,0.7789718121610895,0.6188679173934076,0.544514732373865,0.6787352709703232,0.6401216203913874,0.5557968881233174,0.6768130698940705,0.6019096463180088,0.4714352031266835,0.6484123363651921,0.6231322859963065,0.5158928187550115,0.6416509710885206
02112360,0.42765418367486624,0.6013127534022327,0.1910591560331422,0.3519653557857498,0.18868805292851865,,0.38209788140525863,0.2169036121560646,,0.3888699826179387,0.23762093928430475,,0.40464121575195433,0.27985078456635565,
01669520,0.6792046993275997,0.7779878362177776,0.5311588966252283,0.5677078030486383,0.6829476123108528,,0.5863551320019973,0.6470421588323501,,0.5576489869326177,0.7233532818764048,,0.5638124442413942,0.7312497362405158,
03180500,0.7628048966840595,0.8535564618104653,0.7979343012018297,0.7578171475953086,0.513925272640623,0.6697375332185104,0.7654386250408116,0.6296937731219491,0.6688736846123469,0.7418325649940644,0.3850486858428579,0.5960345495204823,0.7351631477325401,0.45977516084232245,0.6112167395707971
01638480,0.5431251800647531,0.5990069998489541,0.42716786880065793,0.3370698047773133,0.3960451804195859,,0.32733213035334446,0.3715608778351129,,0.37207900195112087,0.44160498035370715,,0.3636720738122632,0.4527984959282385,
02053200,0.5432872417931027,0.6839028473549481,0.3815807028482971,0.4070190179351121,0.5653218087302531,,0.519986498182169,0.614241148631781,,0.43317050579886063,0.6523124766801215,,0.46744413774250315,0.6654183034366112,
01169000,0.5852253071903676,0.5091278433902513,0.7428876639212993,0.5686894137945914,0.1999788338564099,0.548088770102259,0.5578515489720507,0.20692337086832535,0.5676395117616714,0.6102008957709674,0.3298978374653468,0.5692367257494726,0.6061638021146348,0.3114694784127125,0.5404218247912712
01350140,0.3549702645098611,0.6178269885380009,0.7482918227677432,0.41815257300586994,0.4525742157162085,0.40299435485623175,0.3915283574613327,0.45310815001278365,0.4190960228823138,0.3989342017452587,0.5365497595235208,0.5025835654369762,0.33424950442658313,0.4398486857104548,0.45655451837529554
01591400,0.5041956543267814,0.6605007037901897,0.2696812447415607,0.534870824979632,0.5717348141328035,,0.5237668712298014,0.5543669813137435,,0.5148829758136578,0.6466794282742073,,0.48580336320999784,0.6318375082662224,
01586610,0.4434600248426794,0.663005461030026,0.6046306999395116,0.45362063374708067,0.5037219341367637,,0.4410135353787658,0.4949291490270225,,0.4521031435611273,0.6087048696687142,,0.4179661812082977,0.593325519257769,
01434025,0.5708162839065108,0.6238234278365252,0.7659418277183182,0.46111422074276326,0.4729647768557425,0.6341806756092817,0.46490903276676593,0.46710534103131396,0.6543355628497207,0.41710921301967513,0.4031756644933176,0.574290358578891,0.4036982670542901,0.41675361742622324,0.5900773275502135
03439000,0.6627678532760638,0.7701277035937076,0.6717398427111689,0.649861531946072,0.5042034886195578,0.3822034222071764,0.6490286282331327,0.46748043783992643,0.3513332664837723,0.6085160445496673,0.41482845775076255,0.2581051774384921,0.5970083531884697,0.4087940271361264,0.29628166947103957
02178400,0.6134327771328927,0.7007680586624309,0.6113707925325703,0.6260333664672303,0.5638684486786242,0.47482839737241084,0.6272910720845338,0.5360996982410667,0.4623270924821599,0.6140679947169208,0.49147376265338893,0.42808248440076807,0.6142325571770001,0.4865516149600448,0.4422139128474892
01664000,0.710798373345534,0.7000385454220027,0.5551164095078384,0.6327487043413608,0.6404267295401013,,0.649061066615069,0.665756040270821,,0.6615640809974673,0.6833925656154284,,0.658637771587452,0.6714574045303943,
03015500,0.7953114781941147,0.820166818422809,0.8613959928285583,0.7023909392214963,0.6191005148507348,0.6969847631939108,0.7051656868963138,0.7024797307500595,0.7121296015610197,0.7095215603873545,0.6456984507427727,0.6692860946020501,0.7019897377107917,0.6161514071022591,0.6869082990751912
04296000,0.5608182850492797,0.7743918567116076,0.7750895409575769,0.6306111171846213,0.3929160851107067,0.624144903867737,0.6445663407537346,0.38552301815995577,0.6304028979129126,0.6478880269975651,0.526981982316215,0.6138255771193449,0.6549377593772535,0.5104554101613087,0.6187015921581165
02112120,0.20950846603388837,0.4888688621342312,0.08770041316566424,0.12238942739834476,0.30583888019485134,,0.09528760779884764,0.2871230268738642,,0.18791286667175458,0.34207995503159055,,0.15305257538268968,0.34134323707781666,
02082950,0.42387918311855555,0.5418099105116697,0.3528389995259407,0.31023541210955524,0.6376494407599975,,0.46109090490706084,0.7043836762451714,,0.31165132881970947,0.6351068212651106,,0.35348962999610584,0.6663715320549387,
01639500,0.659431237006836,0.6870987912691294,0.6453165569902608,0.4972988276971863,0.5068168947649196,,0.4826534051477269,0.47055087045526994,,0.5444428682608077,0.6007723990938383,,0.5224661575188708,0.6176597801586476,
01047000,0.8144495573291987,0.7169996632230086,0.857685263994755,0.7192445707562732,0.6248609219593823,0.6944434365147621,0.7335212644482644,0.6635189887448086,0.7217237094059539,0.7607595918179273,0.6543724316463716,0.7235805100844496,0.7744340543615356,0.6983470696817572,0.7312380878111377
02074500,0.42264521327182275,0.42812239077616937,0.4734734719676834,0.3362182290652525,0.454181990108179,,0.35460480241850595,0.4677864348007221,,0.29824452013630354,0.4580349307877995,,0.29499773430639203,0.4616757697329079,
01054200,0.6063690185283604,0.6854574120111301,0.7745678605628946,0.5341992354631241,0.5097756327996438,0.5979420259393344,0.5571929850633467,0.521145398390414,0.5962355539653298,0.5412468426248598,0.5462745549395598,0.5394036858881704,0.5711181627753646,0.5735381721321394,0.5824991802573691
02177000,0.49919020585568935,0.6112728389083036,0.5632847904721872,0.4642312092537259,0.33465484228957426,0.2956906742908669,0.46590409617002243,0.3463928635748475,0.3228917729889654,0.5252988174225862,0.24171669103243007,0.2081161146788559,0.5495381554159364,0.34352662325808375,0.296258601265577
03500240,0.5029796148973867,0.6636733398231016,0.5140463272654597,0.5029037350967749,-0.8983249554245871,0.36026943048231924,0.49526923858178273,-1.084714291919169,0.3585580829925508,0.45649678567835067,-1.0047900775894345,0.29613636366755264,0.4528396216569393,-1.2943740593707043,0.26718385631020547
04233000,0.6643972786331697,0.6595011421762724,0.7539751467390507,0.6029992620485615,0.18599683757500443,,0.6209627035510809,0.22024088741725248,,0.622441621318872,0.1942064615431772,,0.5868985908924257,0.18032455176862316,
03237280,0.5192088267189515,0.5255857922258547,0.6264854475256015,0.5145411518955131,0.22763535037764282,,0.5252166006843186,0.28069449243004413,,0.493759769761662,0.23862084436917144,,0.49183365524471273,0.28789347939578014,
01548500,0.8056035715548931,0.8355417323923774,0.7843676613325482,0.7072812503111304,0.36292564777436814,,0.7165575373973544,0.18832430390569918,,0.7147213904466131,0.5789687586206286,,0.7109940941077767,0.6167056224019315,
02125000,0.6582812570341395,0.3206950599689487,-0.11251959885489544,0.4790172272763776,0.45829980051608415,,0.48173594213566034,0.4578789653695958,,0.44136970791729463,0.4755092716199536,,0.4531943121952633,0.5014154382946372,
03479000,0.5095494505612883,0.6794144887808694,0.5353366921478773,0.5440850034413446,-0.14241829756729404,,0.5362335082974836,-0.24837482472809447,,0.5116278554272115,-0.15918826851111859,,0.5197644227963708,-0.11615066485150123,
02118500,0.4745194045778744,0.5082977892711513,0.25787676025508516,0.39110506979008575,0.46610146385513535,,0.38528955265836756,0.470439011400337,,0.3875295225459019,0.5149820292039029,,0.3897435231921196,0.5316660165368176,
01139000,0.6480517888721254,0.8073636165147865,0.7741277877547992,0.7092812764203075,0.579757595035402,0.6043449537940457,0.6818354922434923,0.6374865329971849,0.5885184744069358,0.7264883444714538,0.7395356257488702,0.620015265923286,0.7264240893697255,0.7566169175078606,0.6207786986872111
01187300,0.6809438494941573,0.754470081453921,0.784502399502022,0.6188847913979484,0.5315073105048302,0.6022711428925424,0.615736909181829,0.5220328653667455,0.5567987890669728,0.654543921564031,0.647303352114434,0.5526925568875357,0.636640579054684,0.6548259943824775,0.5428280169182411
03504000,0.6917372713116411,0.8062975882544167,0.717137766259048,0.6789667952158059,0.7351457602111883,0.5243004632541619,0.6548415002976559,0.6935500808935492,0.4885928272258633,0.6383534072553859,0.6859168419227132,0.4782829157739763,0.6299205224692735,0.6645990601743594,0.4866797429033671
02011400,0.7876537881564429,0.8223674936160367,0.676590966591711,0.7144101908762912,0.688504037299162,,0.7064263202206925,0.7226966435228529,,0.6300088167373086,0.7011282446635523,,0.627514139292015,0.7183616139646443,
01568000,0.8347132360246873,0.8306278914945343,0.7626783537045615,0.7592498760188517,0.5901595039608264,,0.7612403820732894,0.6189790978201537,,0.7807334439993078,0.7199559281726245,,0.764320132357088,0.7118688544618177,
01543500,0.8265317420912432,0.8735717100133323,0.7816504819125782,0.7381911979938437,-1.4268882567742145,0.6324830738594076,0.730859465870168,-1.9118622435264039,0.6321668037728007,0.7544960013991786,-1.8236249685734773,0.6023948266500087,0.7414277316746295,-4.558470080446975,0.6102259676285625
01031500,0.7725398470678927,0.6938577277618321,0.8517658173594808,0.6996066650822423,0.4668927610273328,0.6480850090623741,0.6866943061560945,0.4797468213131384,0.6473946610943307,0.7300268154019696,0.5752807227921958,0.6718823679100524,0.7316948079224375,0.5485087404248328,0.6555668371557535
01567500,0.6540013905009817,0.8138426994714871,0.6889399803698613,0.7356943478521704,0.7328695809517095,,0.7215653535506359,0.6268364241419094,,0.7071158618300847,0.8035054090813554,,0.6801827602807705,0.7688152538211744,
02027500,0.43495602060313354,0.5713215965767855,0.6328479802734353,0.4758174710113369,0.4087322570152227,,0.496158021428686,0.2592688041836373,,0.4778752320104512,0.3715281745222314,,0.47963795414877614,0.42514735328135406,
03010655,0.8153347579701354,0.815427280138468,0.7737752876064069,0.7055551844486508,-0.3529012942603232,,0.7250843739967799,-0.09517591855830505,,0.6680875527409414,0.21263869643669975,,0.6604449608814842,0.3328887218398933,
04216418,0.6588970825903065,0.6351229431481357,0.7962690309852536,0.5439541109472816,-21.338542378291493,,0.5469176689980695,-18.88600014499306,,0.5047094419759338,-28.90773275779249,,0.4957952547351974,-28.223231746949107,
02152100,0.4618639044274233,0.46453082859526784,0.3568846828872359,0.45879498069661534,0.42876131401433004,,0.4517703251664014,0.4092157887430912,,0.44974937731160186,0.4667210483717123,,0.4468639405557437,0.46099666064006684,
01510000,0.7394691929261968,0.8046228447347209,0.783836279310154,0.6596272690161508,0.5878023554329238,0.6291623082108356,0.6636116226237615,0.6015995024164154,0.6193691354229368,0.6730417600669684,0.5313984573722371,0.6266865021462734,0.6628505616080647,0.5971047718062885,0.6054046035948827
03026500,0.7539982213146607,0.7396493630138403,0.768095051343419,0.6998679951303494,-0.6077365461007946,0.6486418949221489,0.6993066304265824,-0.4513971525871887,0.6487942321164003,0.6783016634051711,-0.8453407800926417,0.5689898858908927,0.6474294742489315,-0.5679850629801969,0.5780050814610874
02128000,0.4769433404358141,0.484907733013108,0.1968168351181954,0.435591446499665,0.5144275215002594,,0.438748473723747,0.5453612926451666,,0.3773260310366589,0.5338610065029836,,0.4032646326974567,0.5407056678260259,
04256000,0.7253719843464314,0.7549587829634484,0.846461516117388,0.7599628853007022,0.5748522781411759,0.6220217646686903,0.7457397465332513,0.6028097674142988,0.63058824344748,0.7510909970323039,0.6200642656958999,0.5952509294835574,0.7374776710632386,0.6000465362431489,0.624101625982468
01620500,0.2669000109884176,0.6081943691696106,0.5676362032543132,0.543664283984821,0.41573101570548854,,0.5867778350114582,0.44851058708247526,,0.5102874968837243,0.582698054357122,,0.49448972813598663,0.5328591916447138,
03455500,0.4981538420313803,0.7247542523687721,0.7136336758776854,0.5200757905822502,0.4127368838854368,0.4970161531260948,0.5229091905742064,0.4139637061127737,0.5094699823211583,0.5044987891612197,0.5728723971145762,0.5602943291958598,0.4891033115525443,0.48648094340834663,0.5187043916983121
01451800,0.7830097745720986,0.8405371375417583,0.782373531639393,0.7346137701712152,0.3005699158078797,0.6319251034768453,0.734065913229425,0.3838992555307783,0.6027483486894119,0.7718331307179732,0.4683664277430393,0.58561145667378,0.7585993363826168,0.6262199390653703,0.5628170901125803
04185000,0.7598637268293004,0.8547630709579909,0.7144393448602635,0.5740865458600241,0.6006122027825475,,0.636343362799268,0.68952321228196,,0.45999572836426267,0.5134707387799082,,0.49699955342617314,0.676483931749504,
02111180,0.4555567208523768,0.644352114215298,0.37961173058963144,0.46322401252859385,0.020168811819610128,,0.431847115644572,-0.12692488096356622,,0.40870828373977436,0.01699042010206923,,0.4149500513808495,-0.03578791203606831,
01594950,0.715769444243719,0.8386163357333284,0.6546698274682585,0.6969598107326438,0.29835735761786814,0.5747863680310294,0.6890390012217864,0.4954948236859648,0.5584681634200176,0.7001167249637225,0.6033604916322236,0.5316858132616804,0.7071527430887574,0.302220951655299,0.5546535725405998
01580000,0.7827130967844068,0.8358147307797751,0.6481397822629075,0.5849866183871636,0.4277562735261235,,0.5610871723088992,0.37146609385372464,,0.5622069701856393,0.5342551077592771,,0.5144126829315013,0.4892197644280077,
03050000,0.7982256497856177,0.8771027720932478,0.8041661631608849,0.7430608205814137,0.6167592812355495,0.5849042044741258,0.7475275713574573,0.5604451133798891,0.5672566591652596,0.7516530877904789,0.34111030696879324,0.5895097755179557,0.7511984742707999,0.501961996506875,0.6039385468209008
01632000,0.42382953927710254,0.47044514261860654,0.3128951442210597,0.3848382985844901,0.36163313263347535,,0.385584609350664,0.3838720474993091,,0.4101308003387982,0.4642824473238007,,0.41251484028584534,0.4852973955611813,
04221000,0.8249835558781174,0.8348167353250034,0.824483101720855,0.6859907722229716,0.49650308660136205,,0.7137371009161998,0.5845396454380399,,0.650351962564456,0.727297543133894,,0.6530946033035773,0.6236631555729577,
03021350,0.6627109799425426,0.736420259915331,0.7559160795138015,0.5602013617632484,0.41160824763884074,0.6040617955255857,0.5740435725670345,0.4768632940809412,0.5869359771536897,0.5561804652440719,0.40369006802331403,0.5824556374789184,0.5564833425112894,0.464963305166933,0.5833030748121875
01583500,0.5415468007897674,0.68363974180046,0.4709324000086325,0.40872481040021197,0.46092828232357763,,0.39043270349675857,0.43026961444236633,,0.41925045707463715,0.5538851482075283,,0.362877502232136,0.5457549337071955,
02059500,0.31006805512403895,0.5359600400192598,0.20805497270668885,0.3012238718907257,0.6268752536799839,,0.26725945964685394,0.626553941818901,,0.32409378363530467,0.6596763746524562,,0.30605610500936203,0.6539530224932016,
01666500,0.45700349154917813,0.6070861604093547,0.5544717684284786,0.42578383876656273,0.6022580612427035,,0.4401256335855897,0.6275386373387845,,0.5508754395430471,0.7016770058962533,,0.543578296035055,0.6882831374462776,
03187500,0.8059503563433745,0.8453261521635742,0.7999191332237111,0.7277585138967367,0.5555705804764598,0.6598753745979721,0.7346216213218572,0.6212115968270782,0.6761190194672403,0.6814914098948363,0.5483973460122198,0.5928822531256023,0.6813492674915054,0.6252270218445365,0.6013456078055565
01181000,0.5557774908134351,0.5104183284122487,0.8455416428762753,0.5325914649894952,0.2235676164907059,0.6300254284267338,0.5292028981496564,0.26143733853039636,0.6292100490795423,0.5927159850018906,0.3992102576749776,0.6553008887620617,0.5931462114677294,0.3594747682416899,0.6564828386985121
01440400,0.5875892191390758,0.5252285807288906,0.8147280452897104,0.5711721306591558,0.33851409413287126,0.6425954520162618,0.5637928142197687,0.33992283906635806,0.6427884126700635,0.6587582767708193,0.544274492301592,0.7026988150582686,0.6679015348962526,0.5357479410655346,0.6922577051653237
01435000,0.7088214377629894,0.7654094958141542,0.8273986504999971,0.5946835244827233,0.5140465611199211,0.6717002100823265,0.5901766382414501,0.5156701327285406,0.6924652934488765,0.644173664819193,0.6087411538847426,0.6752585821092346,0.6288174843649542,0.6306428742456314,0.6935535126762872
01144000,0.7637972262096264,0.7493591301400823,0.8389901688443908,0.6674168403382529,0.39582092954259335,0.5352402422483012,0.6810962202369218,0.46215480152808225,0.5698754026642313,0.6658924789990658,0.36485510057995896,0.5875889880231934,0.6913888203985445,0.3667445567584511,0.5916325793702022
02011460,0.7448486600250558,0.7965597294448413,0.6129170378979618,0.6387815319673655,0.46804020380187294,,0.6310847066469835,0.5296095545655639,,0.523238622207652,0.5029164340411157,,0.5255124317873227,0.5389505780025081,
02143000,0.5926597361301068,0.6470458097244514,0.39937603071320793,0.563905820103039,0.4399633389422643,,0.5722867588021814,0.41712653732949595,,0.5070827484100048,0.3994792817254769,,0.5216651174994943,0.46152188668904764,
03140000,0.7465998000705346,0.7759454742814699,0.6580895864174131,0.6830675146073185,0.5596170361197782,,0.6854966721324537,0.5667509811434055,,0.6601957993867837,0.6332552068985011,,0.6514599116588194,0.6067661507486597,
01440000,0.7181631844729696,0.817432930169514,0.8667514229328529,0.6992012599571877,0.630094846438155,0.6744882124413074,0.7153572438727615,0.6679786364795964,0.688217477711844,0.7678795887344371,0.8000225023082184,0.7148668022000478,0.7560392230379597,0.8053167566094143,0.6926197593714556
01550000,0.6979116878653665,0.7262477140850492,0.7348170046436381,0.7043300607469362,-4.976737756631323,,0.6887247255649998,-7.1166658328264285,,0.6771053654311059,-4.9359911691214515,,0.6763825575221342,-5.1386737862298695,
02077200,0.5223188225710556,0.6065462259255855,0.43751578636533783,0.5300458559902658,0.5379564306871566,,0.5154207430517199,0.5316070961311806,,0.4896308172180556,0.5303122674654054,,0.49278849622948345,0.5270832797526745,
03237500,0.6278563102438832,0.7620815368601779,0.5778081050349075,0.5849447095547744,0.487160545220956,,0.5807687107478509,0.44392050993560234,,0.5877687892701388,0.524550577270998,,0.5669959376210262,0.5248156933710391,
02018000,0.7360623304035822,0.7933907755903791,0.6534455284969017,0.7111088571789209,0.7385667381418219,,0.7077627474292907,0.7563786724189301,,0.643048068074752,0.7687380954982993,,0.6324755599732835,0.7555595663682099,
02013000,0.6908605341823103,0.6385373025767555,0.43658360980668176,0.6635034985961014,0.7105677017883786,,0.6424412088056256,0.7010597887531195,,0.6443710502532296,0.7424263439753833,,0.6203072003250183,0.726963366008604,
03161000,0.7130175561324935,0.7954072312275859,0.6031847911344687,0.5679719865515619,-19.19788736202617,,0.5911673986344691,-21.302039192819766,,0.6334754926786746,-20.934992963163435,,0.6490709787420569,-18.451714640779525,
04197170,0.7156312709228252,0.8388839541867901,0.5128232684950432,0.6216279193957991,0.36706412587966275,,0.6329631103276082,0.33625807717294515,,0.560685019726445,0.5131699227529134,,0.5536138699247759,0.48310573012812125,
03471500,0.5624554556456146,0.7379627189009028,0.6691177978244668,0.543603909359976,0.6409189139106777,,0.5222463219285982,0.6383247841902385,,0.28100086140052605,0.5621532338833676,,0.2410280474766705,0.5619619239356815,
01137500,0.6616631162758574,0.7449896025941843,0.7898500688529265,0.6650630822231025,0.5322902040531824,0.6403736391629157,0.6859828728875139,0.5592562296817332,0.6200107102127872,0.6368616377531252,0.4720738836757172,0.5404775345480165,0.6558471322565761,0.5421117665703608,0.5680690210392824
01052500,0.7312294659697066,0.8142643093606797,0.7799199460602555,0.6749902066663886,0.6581061135731076,0.6883754256911505,0.677957548051343,0.6461694282749731,0.6803515585295746,0.7013000047183647,0.6324439185666129,0.6931037270064779,0.7098983016596531,0.7088030701920133,0.6700136960466251
02051000,0.4390208666246728,0.3789584736515459,0.41226498347806,0.4342495221442088,0.41381435904648917,,0.4487712992153107,0.4371135908419633,,0.41215339005769525,0.38273985319729276,,0.40606049044878995,0.39222236748274525,
01057000,0.7435599465079439,0.8182912555122206,0.8009493505113191,0.7349029735984852,0.6748922032055721,0.5925104211922322,0.7151823883196043,0.6332591648612582,0.6006420512228597,0.7550532356487398,0.7436743903886006,0.566982314091356,0.7534636174270505,0.7017435036882276,0.583037128096663
03144000,0.8045872000619919,0.8091992365139397,0.7041116603813545,0.6807637866195432,0.40088671923358676,,0.6805890140374126,0.36606218605785995,,0.6319801409681246,0.5473054985236586,,0.6294041902517121,0.49111803936547355,
03078000,0.7467834668027037,0.7898943503146953,0.7311226722336132,0.7297672464633882,0.4242628972925698,0.6597707339795346,0.7337328143799758,0.39469032658860126,0.6516513950689541,0.6951675892409451,0.4348317882964991,0.6701663986979121,0.7136584020309328,0.506271438918402,0.6159496600712283
03170000,0.7374865717382928,0.7215658178461538,0.4242481495369775,0.6981281081076194,0.6885474852164458,,0.7060366694769385,0.6963841835429055,,0.552740711282473,0.7134696294124018,,0.5689533581007772,0.7267813363821737,
02038850,0.6163024088108704,0.4980611276784567,0.18604704828949084,0.4872644179852279,0.49590032155117764,,0.4736008626410664,0.5013992182541115,,0.44916000245188964,0.5148197740962684,,0.44251989864625285,0.5266405954118826,
03241500,0.8087063934825561,0.8403996830627429,0.7447913414629922,0.7646964305885882,0.45382649968517624,,0.7669606649083613,0.4791010553047417,,0.7417973526697503,0.4922083570862917,,0.7366683829538349,0.5383343671339244,
02064000,0.5906155043030136,0.6310354733310671,0.4621293338823989,0.5826782456826117,0.6282096818138693,,0.6053089616969424,0.650379935042465,,0.5427732590514953,0.6677479949046187,,0.5498285179290928,0.6811566839171136,
02096846,0.4542219948909168,0.18120140201664645,-0.038359283329878736,0.40971773016528107,0.5630247497684938,,0.3749023354320842,0.5748879327335347,,0.30095258349906623,0.5563415124253681,,0.29499861990796583,0.5502232777275312,
02055100,0.5422398633088804,0.4923416617541822,0.36568166840146415,0.554849996626039,0.5208990843187121,,0.5731989349374841,0.551282296313461,,0.5639031155920254,0.643723717210805,,0.561212025337586,0.6774320359372795,
04213075,0.41208892375127437,0.4190186861857967,0.5187859694190211,0.20918860822334254,-2.187395538118352,0.17668029011010042,0.15442627630369807,-2.5124382974648474,0.19546065197289286,0.1935567549902059,-1.969670303104212,0.19943980255580687,0.18638855193849715,-1.676159759746529,0.20767012565156964
01333000,0.5093853135483369,0.5386097965030308,0.7334039438804746,0.5408824442194676,0.27360133036754736,0.5749630665294545,0.5425907279507717,0.28321809631262124,0.6079696042305271,0.5797188095307172,0.33817106532375957,0.6108014242531153,0.5858009654303858,0.38407662599961806,0.6170310276878914
01552500,0.708454501739839,0.770972807538539,0.7599110964310721,0.6414227389760513,0.4902914491911152,0.6092249206518355,0.6419067500954406,0.4976571093841288,0.5925884870118296,0.6604385489410337,0.564920706496094,0.5979610751467984,0.6360750874131026,0.49321347639931545,0.5749765588458092
04115265,0.6142995494502683,0.7670869803027768,0.7214803677442884,0.524839867996807,0.6834392709329125,,0.5472709736542082,0.6883131219369055,,0.5590428947840183,0.7623145491493691,,0.5656723812605807,0.775234374243808,
03500000,0.6268428002066144,0.7321178175902835,0.5972828364703955,0.5434540230485086,0.21961696721615587,0.43534788251971346,0.5604715789041752,0.2239386203891519,0.4281826518536092,0.5801683285484395,0.039986423154760864,0.3323997340868403,0.599970022907432,0.18733932140592638,0.37070564937196115
01544500,0.7746715228246636,0.856112978550512,0.7509428547770737,0.6580242386185481,0.42692157160007,,0.6422503441791424,0.2907445215535258,,0.648761764253239,0.3727983247029108,,0.5866420527866122,-0.10632417494478175,
02149000,0.44469180116784307,0.463010169663878,0.3193367762523674,0.3735387565483493,0.2202265777093425,,0.3774590244523339,0.21393959575355317,,0.35851091140896135,0.1501413894590902,,0.3620849330480545,0.23253482756296148,
01552000,0.7566178380451287,0.7626660162707989,0.8237957879968495,0.7273688924777805,-1.1379379193923278,0.611100321729137,0.6993851385643429,-2.249999798621813,0.6171467804947997,0.7155509867250013,-0.9393686764578574,0.604179889615024,0.6927075155032236,-0.49797154033977137,0.623050749136603
03159540,0.7616836961147323,0.7897350884557951,0.6251945697481655,0.7098067771182895,0.6073337914083237,,0.7172628004547187,0.5847869104202665,,0.7076157895286755,0.6821973531531742,,0.7121057812526045,0.654132481214521,
01414500,0.588671336796604,0.7762733942164908,0.7143722758773334,0.6184632085632078,0.71430110328797,0.5680566749413538,0.6180258533776254,0.7077253503854534,0.5826974539815954,0.5799023451476731,0.7180979649072375,0.5341818856021313,0.5440143067639388,0.655933056959348,0.5382724865783454
01542810,0.692632375828181,0.7660776418514059,0.7361086725630198,0.626310063937901,-12.230155813256276,,0.6355743351982818,-22.245600929117163,,0.5836635977428437,-7.3869779668064455,,0.5630082106327202,-7.520313258406883,
01667500,0.5942736803118057,0.6439526481025954,0.5761535289193133,0.5570330253487326,0.6336931116872572,,0.5636355882594332,0.6469409161679601,,0.625289664810522,0.6625250070405689,,0.6208024094108923,0.6551010169916726,
