condition,seed,basin,NSE
A_baseline,42,01030500,0.7837934345006943
A_baseline,42,01031500,0.7636595666408539
A_baseline,42,01047000,0.7865588963031769
A_baseline,42,01052500,0.7867127805948257
A_baseline,42,01054200,0.6010469198226929
A_baseline,42,01055000,0.6737622618675232
A_baseline,42,01057000,0.750672310590744
A_baseline,42,01078000,0.7837361544370651
A_baseline,42,01134500,0.801445409655571
A_baseline,42,01137500,0.6902819573879242
A_baseline,42,01139000,0.7656642347574234
A_baseline,42,01139800,0.6167219877243042
A_baseline,42,01142500,0.6569927632808685
A_baseline,42,01144000,0.800604835152626
A_baseline,42,01169000,0.5702750086784363
A_baseline,42,01181000,0.5566632747650146
A_baseline,42,01187300,0.7289079427719116
A_baseline,42,01333000,0.5187482535839081
A_baseline,42,01350000,0.694953590631485
A_baseline,42,01350080,0.3174446821212768
A_baseline,42,01350140,0.3851075172424316
A_baseline,42,01365000,0.7305883765220642
A_baseline,42,01411300,-0.1661275625228881
A_baseline,42,01413500,0.5921889841556549
A_baseline,42,01414500,0.5609484314918518
A_baseline,42,01415000,0.471235990524292
A_baseline,42,01423000,0.7870235592126846
A_baseline,42,01434025,0.5085485279560089
A_baseline,42,01435000,0.6499634981155396
A_baseline,42,01439500,0.7331500947475433
A_baseline,42,01440000,0.8151455074548721
A_baseline,42,01440400,0.5544716119766235
A_baseline,42,01451800,0.7995524704456329
A_baseline,42,01466500,0.2567397356033325
A_baseline,42,01484100,0.4834303259849548
A_baseline,42,01485500,0.6390528082847595
A_baseline,42,01487000,0.5504923164844513
A_baseline,42,01491000,0.633826345205307
A_baseline,42,01510000,0.6766786277294159
A_baseline,42,01516500,0.6122414767742157
A_baseline,42,01518862,0.6676128804683685
A_baseline,42,01532000,0.7662611156702042
A_baseline,42,01539000,0.8244747221469879
A_baseline,42,01542810,0.6577077209949493
A_baseline,42,01543000,0.7986936569213867
A_baseline,42,01543500,0.816671222448349
A_baseline,42,01544500,0.7586957216262817
A_baseline,42,01545600,0.711432546377182
A_baseline,42,01547700,0.6812885701656342
A_baseline,42,01548500,0.798783078789711
A_baseline,42,01549500,0.6800574660301208
A_baseline,42,01550000,0.7956189662218094
A_baseline,42,01552000,0.8505794703960419
A_baseline,42,01552500,0.7151138484477997
A_baseline,42,01557500,0.7588749080896378
A_baseline,42,01567500,0.6702507734298706
A_baseline,42,01568000,0.8263836801052094
A_baseline,42,01580000,0.825469508767128
A_baseline,42,01583500,0.6339698731899261
A_baseline,42,01586610,0.4668953418731689
A_baseline,42,01591400,0.4897711277008056
A_baseline,42,01594950,0.7266615629196167
A_baseline,42,01596500,0.7551342993974686
A_baseline,42,01605500,0.6395816504955292
A_baseline,42,01606500,0.6664084494113922
A_baseline,42,01613050,0.6480021476745605
A_baseline,42,01620500,0.309487521648407
A_baseline,42,01632000,0.5023678839206696
A_baseline,42,01632900,0.4547831416130066
A_baseline,42,01634500,0.5465401709079742
A_baseline,42,01638480,0.6250276267528534
A_baseline,42,01639500,0.669295608997345
A_baseline,42,01644000,0.729272186756134
A_baseline,42,01658500,0.5078337788581848
A_baseline,42,01664000,0.6679829657077789
A_baseline,42,01666500,0.4735898375511169
A_baseline,42,01667500,0.6014082133769989
A_baseline,42,01669000,0.5922693312168121
A_baseline,42,01669520,0.6672232151031494
A_baseline,42,02011400,0.7189528346061707
A_baseline,42,02011460,0.7082661986351013
A_baseline,42,02013000,0.567242443561554
A_baseline,42,02014000,0.6385309398174286
A_baseline,42,02015700,0.7211828231811523
A_baseline,42,02016000,0.7508107274770737
A_baseline,42,02017500,0.6863970160484314
A_baseline,42,02018000,0.5931963324546814
A_baseline,42,02027000,0.5703352391719818
A_baseline,42,02027500,0.616698682308197
A_baseline,42,02028500,0.6153525710105896
A_baseline,42,02038850,0.5396011173725128
A_baseline,42,02046000,0.6040696203708649
A_baseline,42,02051000,0.4455887675285339
A_baseline,42,02051500,0.6321751177310944
A_baseline,42,02053200,0.4149272441864013
A_baseline,42,02053800,0.0646262168884277
A_baseline,42,02055100,0.6119420528411865
A_baseline,42,02056900,0.4625748991966247
A_baseline,42,02059500,0.3798756003379822
A_baseline,42,02064000,0.6691975593566895
A_baseline,42,02065500,0.2602453827857971
A_baseline,42,02069700,0.298758327960968
A_baseline,42,02070000,0.4665884375572204
A_baseline,42,02074500,0.3994359970092773
A_baseline,42,02077200,0.4814932942390442
A_baseline,42,02081500,0.6485084593296051
A_baseline,42,02082950,0.4750838279724121
A_baseline,42,02096846,0.5039719045162201
A_baseline,42,02111180,0.4747900366783142
A_baseline,42,02111500,0.4393893480300903
A_baseline,42,02112120,0.2437905669212341
A_baseline,42,02112360,0.309937834739685
A_baseline,42,02118500,0.4800078272819519
A_baseline,42,02125000,0.7236080467700958
A_baseline,42,02128000,0.5037972629070282
A_baseline,42,02137727,0.5892747342586517
A_baseline,42,02140991,0.4921512603759765
A_baseline,42,02143000,0.542466551065445
A_baseline,42,02143040,0.5291719138622284
A_baseline,42,02149000,0.4360054731369018
A_baseline,42,02152100,0.4728371500968933
A_baseline,42,02177000,0.4773218631744385
A_baseline,42,02178400,0.6020056903362274
A_baseline,42,03010655,0.8219851106405258
A_baseline,42,03011800,0.72829669713974
A_baseline,42,03015500,0.7933231741189957
A_baseline,42,03021350,0.6888746321201324
A_baseline,42,03026500,0.7667397707700729
A_baseline,42,03028000,0.7720380872488022
A_baseline,42,03049000,0.6854695677757263
A_baseline,42,03049800,0.4650964736938476
A_baseline,42,03050000,0.8081352561712265
A_baseline,42,03066000,0.6959387958049774
A_baseline,42,03069500,0.8395954668521881
A_baseline,42,03070500,0.7757079899311066
A_baseline,42,03076600,0.6662947833538055
A_baseline,42,03078000,0.724259078502655
A_baseline,42,03140000,0.7419878840446472
A_baseline,42,03144000,0.8046303540468216
A_baseline,42,03159540,0.7450926601886749
A_baseline,42,03161000,0.7108269929885864
A_baseline,42,03164000,0.7132998406887054
A_baseline,42,03165000,0.4933673143386841
A_baseline,42,03170000,0.7193010151386261
A_baseline,42,03173000,0.6709279716014862
A_baseline,42,03180500,0.7916303128004074
A_baseline,42,03182500,0.7620920836925507
A_baseline,42,03186500,0.753152072429657
A_baseline,42,03187500,0.7843013405799866
A_baseline,42,03213700,0.7471485435962677
A_baseline,42,03237280,0.4995501637458801
A_baseline,42,03237500,0.6101970076560974
A_baseline,42,03238500,0.6410711407661438
A_baseline,42,03241500,0.8424566686153412
A_baseline,42,03439000,0.6381084322929382
A_baseline,42,03450000,0.6001768410205841
A_baseline,42,03455500,0.5975081026554108
A_baseline,42,03456500,0.514581710100174
A_baseline,42,03460000,0.5590627789497375
A_baseline,42,03463300,0.6146852076053619
A_baseline,42,03471500,0.6050047278404236
A_baseline,42,03473000,0.651015430688858
A_baseline,42,03479000,0.5904825329780579
A_baseline,42,03488000,0.5520996153354645
A_baseline,42,03498500,0.7778043895959854
A_baseline,42,03500000,0.5962549448013306
A_baseline,42,03500240,0.4798603057861328
A_baseline,42,03504000,0.6888448297977448
A_baseline,42,04105700,-6.49521541595459
A_baseline,42,04115265,0.6198511123657227
A_baseline,42,04122200,0.7449420392513275
A_baseline,42,04185000,0.703324556350708
A_baseline,42,04196800,0.6919821202754974
A_baseline,42,04197100,0.4603975415229797
A_baseline,42,04197170,0.6748644411563873
A_baseline,42,04213000,0.6113697290420532
A_baseline,42,04213075,0.4541064500808716
A_baseline,42,04216418,0.6301741898059845
A_baseline,42,04221000,0.8065134286880493
A_baseline,42,04224775,0.7216935753822327
A_baseline,42,04233000,0.6884565353393555
A_baseline,42,04256000,0.7491010427474976
A_baseline,42,04296000,0.6445250511169434
B_topology_features,42,01030500,0.6394395478604068
B_topology_features,42,01031500,0.723768346124001
B_topology_features,42,01047000,0.7530703767119111
B_topology_features,42,01052500,0.7085128326969825
B_topology_features,42,01054200,0.5643396452001612
B_topology_features,42,01055000,0.6702823232552227
B_topology_features,42,01057000,0.7402362554141084
B_topology_features,42,01078000,0.7336040990880945
B_topology_features,42,01134500,0.6899191378948325
B_topology_features,42,01137500,0.6921986775910736
B_topology_features,42,01139000,0.7352453252783706
B_topology_features,42,01139800,0.7007535819787658
B_topology_features,42,01142500,0.6794089932410521
B_topology_features,42,01144000,0.681304753752045
B_topology_features,42,01169000,0.5676013156377859
B_topology_features,42,01181000,0.516020476166837
B_topology_features,42,01187300,0.6013899688249391
B_topology_features,42,01333000,0.5565868374191887
B_topology_features,42,01350000,0.626205776935146
B_topology_features,42,01350080,0.3829422128766787
B_topology_features,42,01350140,0.3347082651748875
B_topology_features,42,01365000,0.6366263861091335
B_topology_features,42,01411300,-0.3203852219425589
B_topology_features,42,01413500,0.5517029943208518
B_topology_features,42,01414500,0.5643844607786432
B_topology_features,42,01415000,0.6173988515747874
B_topology_features,42,01423000,0.5752968184051679
B_topology_features,42,01434025,0.450291847127975
B_topology_features,42,01435000,0.5674386694104316
B_topology_features,42,01439500,0.7017044102566651
B_topology_features,42,01440000,0.675308495507694
B_topology_features,42,01440400,0.5279903661083676
B_topology_features,42,01451800,0.6998961710828355
B_topology_features,42,01466500,-0.3003298833044225
B_topology_features,42,01484100,0.2989341188228136
B_topology_features,42,01485500,0.6671692878127387
B_topology_features,42,01487000,0.546833627691196
B_topology_features,42,01491000,0.7358498826845167
B_topology_features,42,01510000,0.6456093576038252
B_topology_features,42,01516500,0.526768263976972
B_topology_features,42,01518862,0.5305543803380581
B_topology_features,42,01532000,0.6904326831493932
B_topology_features,42,01539000,0.5415759427904161
B_topology_features,42,01542810,0.5874938957159721
B_topology_features,42,01543000,0.6995198190927832
B_topology_features,42,01543500,0.7192181139227931
B_topology_features,42,01544500,0.629337686756434
B_topology_features,42,01545600,0.5423123339210282
B_topology_features,42,01547700,0.5768218698238194
B_topology_features,42,01548500,0.7365120182598838
B_topology_features,42,01549500,0.5744672839765319
B_topology_features,42,01550000,0.7011392920116293
B_topology_features,42,01552000,0.7277882596084302
B_topology_features,42,01552500,0.6237664811676952
B_topology_features,42,01557500,0.6780249498585802
B_topology_features,42,01567500,0.7016646926714656
B_topology_features,42,01568000,0.7588652153937054
B_topology_features,42,01580000,0.5804913482036397
B_topology_features,42,01583500,0.3998584680717786
B_topology_features,42,01586610,0.4183655596517471
B_topology_features,42,01591400,0.5278745439836168
B_topology_features,42,01594950,0.6980430736113036
B_topology_features,42,01596500,0.74226213177947
B_topology_features,42,01605500,0.5666545310096138
B_topology_features,42,01606500,0.5675836660101455
B_topology_features,42,01613050,0.6501343095819312
B_topology_features,42,01620500,0.548473938568261
B_topology_features,42,01632000,0.3490729119313747
B_topology_features,42,01632900,0.3904175306624881
B_topology_features,42,01634500,0.4731132479427711
B_topology_features,42,01638480,0.3162330142818578
B_topology_features,42,01639500,0.4788235547885435
B_topology_features,42,01644000,0.5862556036229398
B_topology_features,42,01658500,0.348975911649213
B_topology_features,42,01664000,0.635545433722809
B_topology_features,42,01666500,0.4638224349018059
B_topology_features,42,01667500,0.5401127536838399
B_topology_features,42,01669000,0.6421128147127337
B_topology_features,42,01669520,0.5699062207045608
B_topology_features,42,02011400,0.7280363305111184
B_topology_features,42,02011460,0.6367569211136266
B_topology_features,42,02013000,0.6584742689638068
B_topology_features,42,02014000,0.6692674381884576
B_topology_features,42,02015700,0.6647399992653078
B_topology_features,42,02016000,0.7016931953328229
B_topology_features,42,02017500,0.7015774424124208
B_topology_features,42,02018000,0.6925414724248418
B_topology_features,42,02027000,0.4644327963454142
B_topology_features,42,02027500,0.4945951661639589
B_topology_features,42,02028500,0.5143203546827987
B_topology_features,42,02038850,0.4918644897292389
B_topology_features,42,02046000,0.6859752329861292
B_topology_features,42,02051000,0.4536248658855488
B_topology_features,42,02051500,0.561388778460718
B_topology_features,42,02053200,0.5105650649812947
B_topology_features,42,02053800,0.664324172430247
B_topology_features,42,02055100,0.5741610269868452
B_topology_features,42,02056900,0.6214202230029505
B_topology_features,42,02059500,0.2524015639584206
B_topology_features,42,02064000,0.5826417414019751
B_topology_features,42,02065500,0.1603480986461642
B_topology_features,42,02069700,0.3953675028072043
B_topology_features,42,02070000,0.4441106094361977
B_topology_features,42,02074500,0.3563285943129807
B_topology_features,42,02077200,0.4989228628364069
B_topology_features,42,02081500,0.5179140186416139
B_topology_features,42,02082950,0.3649569631086256
B_topology_features,42,02096846,0.3260995584021163
B_topology_features,42,02111180,0.4106372047591811
B_topology_features,42,02111500,0.4054700123843039
B_topology_features,42,02112120,0.1853203111337724
B_topology_features,42,02112360,0.4499893798028239
B_topology_features,42,02118500,0.4238892980780155
B_topology_features,42,02125000,0.4608649379308337
B_topology_features,42,02128000,0.3966759679949506
B_topology_features,42,02137727,0.5532840256355358
B_topology_features,42,02140991,0.5094693794920828
B_topology_features,42,02143000,0.5624655666957001
B_topology_features,42,02143040,0.5849171671659397
B_topology_features,42,02149000,0.3930519725746015
B_topology_features,42,02152100,0.4646115147542461
B_topology_features,42,02177000,0.5155838033288941
B_topology_features,42,02178400,0.6354350614286446
B_topology_features,42,03010655,0.6835327599071398
B_topology_features,42,03011800,0.6404021812859485
B_topology_features,42,03015500,0.6877708932564912
B_topology_features,42,03021350,0.5414821020053427
B_topology_features,42,03026500,0.6874666835407438
B_topology_features,42,03028000,0.7145690051076705
B_topology_features,42,03049000,0.7322783845862648
B_topology_features,42,03049800,0.5438371925715707
B_topology_features,42,03050000,0.7447450947680325
B_topology_features,42,03066000,0.7120618159630483
B_topology_features,42,03069500,0.769393989207005
B_topology_features,42,03070500,0.7675660046726629
B_topology_features,42,03076600,0.7023782237015641
B_topology_features,42,03078000,0.7301418644332969
B_topology_features,42,03140000,0.6882366764462415
B_topology_features,42,03144000,0.6922694372482772
B_topology_features,42,03159540,0.7283827965056477
B_topology_features,42,03161000,0.6226074232809052
B_topology_features,42,03164000,0.5404095260047861
B_topology_features,42,03165000,0.6974241301457083
B_topology_features,42,03170000,0.7372517906432
B_topology_features,42,03173000,0.5179064661032311
B_topology_features,42,03180500,0.7485485807014245
B_topology_features,42,03182500,0.7206435203643443
B_topology_features,42,03186500,0.7036907929824683
B_topology_features,42,03187500,0.7427984055261054
B_topology_features,42,03213700,0.6140845277178667
B_topology_features,42,03237280,0.5366966254802983
B_topology_features,42,03237500,0.5879229275275324
B_topology_features,42,03238500,0.617810204949355
B_topology_features,42,03241500,0.7834257485548359
B_topology_features,42,03439000,0.6619951409500395
B_topology_features,42,03450000,0.5524484523748658
B_topology_features,42,03455500,0.5353547300867134
B_topology_features,42,03456500,0.5610514028703693
B_topology_features,42,03460000,0.675586209479101
B_topology_features,42,03463300,0.6386900445114807
B_topology_features,42,03471500,0.5630787086182147
B_topology_features,42,03473000,0.6327105947985031
B_topology_features,42,03479000,0.5172588437257037
B_topology_features,42,03488000,0.5549282179529789
B_topology_features,42,03498500,0.6892464487778307
B_topology_features,42,03500000,0.5874377506183228
B_topology_features,42,03500240,0.5254360638946991
B_topology_features,42,03504000,0.7030634474907191
B_topology_features,42,04105700,-0.1145235287968622
B_topology_features,42,04115265,0.561371983991356
B_topology_features,42,04122200,0.6583917623705753
B_topology_features,42,04185000,0.6072830649594975
B_topology_features,42,04196800,0.6405909780733756
B_topology_features,42,04197100,0.6999983487622629
B_topology_features,42,04197170,0.6158680273044532
B_topology_features,42,04213000,0.5892018656589515
B_topology_features,42,04213075,0.2592768290169668
B_topology_features,42,04216418,0.5064668392993308
B_topology_features,42,04221000,0.6911061601944044
B_topology_features,42,04224775,0.591011266532186
B_topology_features,42,04233000,0.6104443330025908
B_topology_features,42,04256000,0.762769928587703
B_topology_features,42,04296000,0.6947950888850905
C_graph_messages,42,01030500,0.6674237549219723
C_graph_messages,42,01031500,0.7339472032988166
C_graph_messages,42,01047000,0.7597972299005032
C_graph_messages,42,01052500,0.6915517484490223
C_graph_messages,42,01054200,0.5362654384691841
C_graph_messages,42,01055000,0.5846499749202426
C_graph_messages,42,01057000,0.7519968807181079
C_graph_messages,42,01078000,0.7264811354709475
C_graph_messages,42,01134500,0.6674637448892032
C_graph_messages,42,01137500,0.6210508457560882
C_graph_messages,42,01139000,0.6709322848831526
C_graph_messages,42,01139800,0.4646244083054912
C_graph_messages,42,01142500,0.6370916918547993
C_graph_messages,42,01144000,0.6668359255919398
C_graph_messages,42,01169000,0.5983133134948867
C_graph_messages,42,01181000,0.5709070594159189
C_graph_messages,42,01187300,0.6085984412018868
C_graph_messages,42,01333000,0.5656821706018573
C_graph_messages,42,01350000,0.6752410475027439
C_graph_messages,42,01350080,0.4341753304600679
C_graph_messages,42,01350140,0.3722246381769849
C_graph_messages,42,01365000,0.7010035173689402
C_graph_messages,42,01411300,-0.0320770058922539
C_graph_messages,42,01413500,0.5616140589950783
C_graph_messages,42,01414500,0.5699204307127294
C_graph_messages,42,01415000,0.6560265781594226
C_graph_messages,42,01423000,0.6144368207171578
C_graph_messages,42,01434025,0.4088217507001815
C_graph_messages,42,01435000,0.6284384480207801
C_graph_messages,42,01439500,0.7233485138806353
C_graph_messages,42,01440000,0.7582108125393456
C_graph_messages,42,01440400,0.6587980690080554
C_graph_messages,42,01451800,0.7658474232108083
C_graph_messages,42,01466500,-0.5675229664145833
C_graph_messages,42,01484100,0.1856484051116028
C_graph_messages,42,01485500,0.6649546397111482
C_graph_messages,42,01487000,0.5238551190292393
C_graph_messages,42,01491000,0.7354870458156315
C_graph_messages,42,01510000,0.6177857269871392
C_graph_messages,42,01516500,0.535109290087929
C_graph_messages,42,01518862,0.4818926705951759
C_graph_messages,42,01532000,0.6697587098952894
C_graph_messages,42,01539000,0.5733807655915606
C_graph_messages,42,01542810,0.566182227471105
C_graph_messages,42,01543000,0.7122262804574657
C_graph_messages,42,01543500,0.7122075455908636
C_graph_messages,42,01544500,0.578901702704187
C_graph_messages,42,01545600,0.4460903002716077
C_graph_messages,42,01547700,0.6120212192973573
C_graph_messages,42,01548500,0.6227456687872347
C_graph_messages,42,01549500,0.5867886045596655
C_graph_messages,42,01550000,0.6491719561782741
C_graph_messages,42,01552000,0.6976010649623787
C_graph_messages,42,01552500,0.6353896582611815
C_graph_messages,42,01557500,0.6125903133015587
C_graph_messages,42,01567500,0.6642226104109779
C_graph_messages,42,01568000,0.7470644660567719
C_graph_messages,42,01580000,0.5103347542387258
C_graph_messages,42,01583500,0.3294472120441619
C_graph_messages,42,01586610,0.4169703118784
C_graph_messages,42,01591400,0.4602014953558611
C_graph_messages,42,01594950,0.7184616378170774
C_graph_messages,42,01596500,0.6459225640586066
C_graph_messages,42,01605500,0.5456693724264792
C_graph_messages,42,01606500,0.5351537298964573
C_graph_messages,42,01613050,0.5885381920195645
C_graph_messages,42,01620500,0.5074275408391538
C_graph_messages,42,01632000,0.3992756373762081
C_graph_messages,42,01632900,0.2399188710879898
C_graph_messages,42,01634500,0.4503949480237336
C_graph_messages,42,01638480,0.3721157723521477
C_graph_messages,42,01639500,0.5296937052187605
C_graph_messages,42,01644000,0.5935061566893569
C_graph_messages,42,01658500,0.3329176023270138
C_graph_messages,42,01664000,0.6533828081821483
C_graph_messages,42,01666500,0.5218916431110241
C_graph_messages,42,01667500,0.6042559753005889
C_graph_messages,42,01669000,0.3949291194998917
C_graph_messages,42,01669520,0.518925570611406
C_graph_messages,42,02011400,0.6392228571463588
C_graph_messages,42,02011460,0.5269200291491695
C_graph_messages,42,02013000,0.6362815514411301
C_graph_messages,42,02014000,0.6670547063158181
C_graph_messages,42,02015700,0.6495012009724952
C_graph_messages,42,02016000,0.7343350172276806
C_graph_messages,42,02017500,0.6911182477882852
C_graph_messages,42,02018000,0.6188359347260538
C_graph_messages,42,02027000,0.4513390681368424
C_graph_messages,42,02027500,0.4564009847131661
C_graph_messages,42,02028500,0.5219386153858363
C_graph_messages,42,02038850,0.4427021443509567
C_graph_messages,42,02046000,0.6586908235575543
C_graph_messages,42,02051000,0.4092648455502725
C_graph_messages,42,02051500,0.520240914294467
C_graph_messages,42,02053200,0.3327088158871895
C_graph_messages,42,02053800,0.4506617822660885
C_graph_messages,42,02055100,0.5783056260119004
C_graph_messages,42,02056900,0.6119147290521244
C_graph_messages,42,02059500,0.1498920620650283
C_graph_messages,42,02064000,0.5170461484637571
C_graph_messages,42,02065500,0.1743233177342424
C_graph_messages,42,02069700,0.2821945797298988
C_graph_messages,42,02070000,0.3674204266122234
C_graph_messages,42,02074500,0.2836785565733171
C_graph_messages,42,02077200,0.4700275697795485
C_graph_messages,42,02081500,0.573403169801494
C_graph_messages,42,02082950,0.2363908473643395
C_graph_messages,42,02096846,0.2864822968795192
C_graph_messages,42,02111180,0.3084944129196919
C_graph_messages,42,02111500,0.360234780599262
C_graph_messages,42,02112120,0.2278956992992229
C_graph_messages,42,02112360,0.436834407153742
C_graph_messages,42,02118500,0.4028068128050451
C_graph_messages,42,02125000,0.4273167841809628
C_graph_messages,42,02128000,0.3769552192073834
C_graph_messages,42,02137727,0.5289085082395844
C_graph_messages,42,02140991,0.4581718890658397
C_graph_messages,42,02143000,0.4696213402897841
C_graph_messages,42,02143040,0.5264545437464241
C_graph_messages,42,02149000,0.3266218091170548
C_graph_messages,42,02152100,0.4303716738767502
C_graph_messages,42,02177000,0.5441980209849305
C_graph_messages,42,02178400,0.6026364630568907
C_graph_messages,42,03010655,0.6629319141452378
C_graph_messages,42,03011800,0.6513246150111335
C_graph_messages,42,03015500,0.6743683183370308
C_graph_messages,42,03021350,0.5332492544843093
C_graph_messages,42,03026500,0.6860654706946463
C_graph_messages,42,03028000,0.7137372514464926
C_graph_messages,42,03049000,0.713724862824751
C_graph_messages,42,03049800,0.4831105549996606
C_graph_messages,42,03050000,0.7320364669220154
C_graph_messages,42,03066000,0.7233414910572429
C_graph_messages,42,03069500,0.7663888311325364
C_graph_messages,42,03070500,0.7465443113184013
C_graph_messages,42,03076600,0.6831449820932116
C_graph_messages,42,03078000,0.7065683197960695
C_graph_messages,42,03140000,0.6492666343433557
C_graph_messages,42,03144000,0.6300982151322121
C_graph_messages,42,03159540,0.7131645739590199
C_graph_messages,42,03161000,0.6038802460889382
C_graph_messages,42,03164000,0.529400158087252
C_graph_messages,42,03165000,0.6148720031736841
C_graph_messages,42,03170000,0.5532396810810334
C_graph_messages,42,03173000,0.3413556976005623
C_graph_messages,42,03180500,0.7338305386999602
C_graph_messages,42,03182500,0.7217539695589645
C_graph_messages,42,03186500,0.7245869154056501
C_graph_messages,42,03187500,0.6820246020695742
C_graph_messages,42,03213700,0.5633380109587833
C_graph_messages,42,03237280,0.4958118553054584
C_graph_messages,42,03237500,0.5866401743410576
C_graph_messages,42,03238500,0.6053493179910646
C_graph_messages,42,03241500,0.7282702764225968
C_graph_messages,42,03439000,0.5997288577934782
C_graph_messages,42,03450000,0.5391351230324226
C_graph_messages,42,03455500,0.4907854913654833
C_graph_messages,42,03456500,0.5525619012744261
C_graph_messages,42,03460000,0.2922578484019412
C_graph_messages,42,03463300,0.661693275716799
C_graph_messages,42,03471500,0.2864003748189458
C_graph_messages,42,03473000,0.5215842718337382
C_graph_messages,42,03479000,0.4444105216324844
C_graph_messages,42,03488000,0.4322698803089289
C_graph_messages,42,03498500,0.6558540589742301
C_graph_messages,42,03500000,0.6048144211826716
C_graph_messages,42,03500240,0.4164297922601235
C_graph_messages,42,03504000,0.607037689971158
C_graph_messages,42,04105700,0.3629858484563706
C_graph_messages,42,04115265,0.5680621680956695
C_graph_messages,42,04122200,0.4857209868857332
C_graph_messages,42,04185000,0.4486888553900598
C_graph_messages,42,04196800,0.6415014803471015
C_graph_messages,42,04197100,0.6818457088814254
C_graph_messages,42,04197170,0.5446940820429036
C_graph_messages,42,04213000,0.5928647112703547
C_graph_messages,42,04213075,0.2302203671763282
C_graph_messages,42,04216418,0.4971757834335679
C_graph_messages,42,04221000,0.6353474889841532
C_graph_messages,42,04224775,0.5249403242204683
C_graph_messages,42,04233000,0.578130183325261
C_graph_messages,42,04256000,0.7246304791145224
C_graph_messages,42,04296000,0.593008838886421
