seed,basin,A_baseline,B_topology_features,C_graph_messages,B_minus_A,C_minus_A,C_minus_B
42,01030500,0.7837934345006943,0.6394395478604068,0.6674237549219723,-0.14435388664028748,-0.11636967957872202,0.027984207061565458
42,01031500,0.7636595666408539,0.723768346124001,0.7339472032988166,-0.0398912205168529,-0.029712363342037307,0.010178857174815592
42,01047000,0.7865588963031769,0.7530703767119111,0.7597972299005032,-0.03348851959126575,-0.026761666402673634,0.006726853188592119
42,01052500,0.7867127805948257,0.7085128326969825,0.6915517484490223,-0.07819994789784324,-0.0951610321458034,-0.016961084247960168
42,01054200,0.6010469198226929,0.5643396452001612,0.5362654384691841,-0.03670727462253165,-0.06478148135350881,-0.028074206730977158
42,01055000,0.6737622618675232,0.6702823232552227,0.5846499749202426,-0.0034799386123004483,-0.08911228694728057,-0.08563234833498012
42,01057000,0.750672310590744,0.7402362554141084,0.7519968807181079,-0.010436055176635595,0.0013245701273638666,0.011760625303999461
42,01078000,0.7837361544370651,0.7336040990880945,0.7264811354709475,-0.05013205534897058,-0.05725501896611762,-0.007122963617147038
42,01134500,0.801445409655571,0.6899191378948325,0.6674637448892032,-0.11152627176073848,-0.13398166476636775,-0.022455393005629265
42,01137500,0.6902819573879242,0.6921986775910736,0.6210508457560882,0.001916720203149369,-0.06923111163183604,-0.07114783183498541
42,01139000,0.7656642347574234,0.7352453252783706,0.6709322848831526,-0.03041890947905279,-0.0947319498742708,-0.06431304039521801
42,01139800,0.6167219877243042,0.7007535819787658,0.4646244083054912,0.0840315942544616,-0.15209757941881302,-0.23612917367327463
42,01142500,0.6569927632808685,0.6794089932410521,0.6370916918547993,0.022416229960183554,-0.019901071426069228,-0.04231730138625278
42,01144000,0.800604835152626,0.681304753752045,0.6668359255919398,-0.11930008140058102,-0.1337689095606862,-0.014468828160105196
42,01169000,0.5702750086784363,0.5676013156377859,0.5983133134948867,-0.002673693040650349,0.02803830481645042,0.03071199785710077
42,01181000,0.5566632747650146,0.516020476166837,0.5709070594159189,-0.040642798598177654,0.014243784650904256,0.05488658324908191
42,01187300,0.7289079427719116,0.6013899688249391,0.6085984412018868,-0.1275179739469725,-0.12030950157002485,0.007208472376947661
42,01333000,0.5187482535839081,0.5565868374191887,0.5656821706018573,0.037838583835280604,0.046933917017949245,0.009095333182668641
42,01350000,0.694953590631485,0.626205776935146,0.6752410475027439,-0.06874781369633898,-0.019712543128741045,0.04903527056759793
42,01350080,0.3174446821212768,0.3829422128766787,0.4341753304600679,0.06549753075540188,0.1167306483387911,0.05123311758338922
42,01350140,0.3851075172424316,0.3347082651748875,0.3722246381769849,-0.05039925206754409,-0.012882879065446662,0.037516373002097425
42,01365000,0.7305883765220642,0.6366263861091335,0.7010035173689402,-0.09396199041293074,-0.029584859153124032,0.06437713125980671
42,01411300,-0.1661275625228881,-0.3203852219425589,-0.0320770058922539,-0.15425765941967082,0.1340505566306342,0.288308216050305
42,01413500,0.5921889841556549,0.5517029943208518,0.5616140589950783,-0.040485989834803116,-0.030574925160576583,0.009911064674226533
42,01414500,0.5609484314918518,0.5643844607786432,0.5699204307127294,0.003436029286791431,0.008971999220877547,0.005535969934086116
42,01415000,0.471235990524292,0.6173988515747874,0.6560265781594226,0.14616286105049536,0.18479058763513057,0.0386277265846352
42,01423000,0.7870235592126846,0.5752968184051679,0.6144368207171578,-0.21172674080751674,-0.17258673849552686,0.039140002311989885
42,01434025,0.5085485279560089,0.450291847127975,0.4088217507001815,-0.058256680828033924,-0.0997267772558274,-0.04147009642779348
42,01435000,0.6499634981155396,0.5674386694104316,0.6284384480207801,-0.08252482870510791,-0.021525050094759468,0.06099977861034844
42,01439500,0.7331500947475433,0.7017044102566651,0.7233485138806353,-0.031445684490878256,-0.009801580866908077,0.02164410362397018
42,01440000,0.8151455074548721,0.675308495507694,0.7582108125393456,-0.13983701194717812,-0.056934694915526496,0.08290231703165163
42,01440400,0.5544716119766235,0.5279903661083676,0.6587980690080554,-0.026481245868255954,0.10432645703143184,0.1308077028996878
42,01451800,0.7995524704456329,0.6998961710828355,0.7658474232108083,-0.09965629936279741,-0.03370504723482459,0.06595125212797281
42,01466500,0.2567397356033325,-0.3003298833044225,-0.5675229664145833,-0.5570696189077551,-0.8242627020179158,-0.2671930831101608
42,01484100,0.4834303259849548,0.2989341188228136,0.1856484051116028,-0.18449620716214116,-0.297781920873352,-0.11328571371121082
42,01485500,0.6390528082847595,0.6671692878127387,0.6649546397111482,0.028116479527979132,0.02590183142638869,-0.002214648101590444
42,01487000,0.5504923164844513,0.546833627691196,0.5238551190292393,-0.0036586887932552603,-0.02663719745521198,-0.02297850866195672
42,01491000,0.633826345205307,0.7358498826845167,0.7354870458156315,0.10202353747920967,0.1016607006103245,-0.00036283686888516353
42,01510000,0.6766786277294159,0.6456093576038252,0.6177857269871392,-0.031069270125590687,-0.05889290074227671,-0.027823630616686024
42,01516500,0.6122414767742157,0.526768263976972,0.535109290087929,-0.08547321279724374,-0.07713218668628674,0.008341026110956995
42,01518862,0.6676128804683685,0.5305543803380581,0.4818926705951759,-0.1370585001303104,-0.18572020987319265,-0.04866170974288225
42,01532000,0.7662611156702042,0.6904326831493932,0.6697587098952894,-0.07582843252081095,-0.09650240577491476,-0.020673973254103806
42,01539000,0.8244747221469879,0.5415759427904161,0.5733807655915606,-0.2828987793565718,-0.2510939565554273,0.031804822801144494
42,01542810,0.6577077209949493,0.5874938957159721,0.566182227471105,-0.07021382527897724,-0.09152549352384431,-0.021311668244867077
42,01543000,0.7986936569213867,0.6995198190927832,0.7122262804574657,-0.09917383782860356,-0.086467376463921,0.012706461364682564
42,01543500,0.816671222448349,0.7192181139227931,0.7122075455908636,-0.09745310852555589,-0.10446367685748537,-0.007010568331929479
42,01544500,0.7586957216262817,0.629337686756434,0.578901702704187,-0.12935803486984776,-0.1797940189220948,-0.05043598405224703
42,01545600,0.711432546377182,0.5423123339210282,0.4460903002716077,-0.16912021245615383,-0.26534224610557433,-0.0962220336494205
42,01547700,0.6812885701656342,0.5768218698238194,0.6120212192973573,-0.10446670034181471,-0.06926735086827684,0.035199349473537866
42,01548500,0.798783078789711,0.7365120182598838,0.6227456687872347,-0.06227106052982723,-0.1760374100024763,-0.11376634947264908
42,01549500,0.6800574660301208,0.5744672839765319,0.5867886045596655,-0.10559018205358894,-0.09326886147045532,0.012321320583133621
42,01550000,0.7956189662218094,0.7011392920116293,0.6491719561782741,-0.09447967421018011,-0.14644701004353533,-0.05196733583335522
42,01552000,0.8505794703960419,0.7277882596084302,0.6976010649623787,-0.12279121078761168,-0.15297840543366314,-0.030187194646051463
42,01552500,0.7151138484477997,0.6237664811676952,0.6353896582611815,-0.09134736728010451,-0.07972419018661814,0.01162317709348637
42,01557500,0.7588749080896378,0.6780249498585802,0.6125903133015587,-0.08084995823105756,-0.1462845947880791,-0.06543463655702153
42,01567500,0.6702507734298706,0.7016646926714656,0.6642226104109779,0.03141391924159498,-0.0060281630188927515,-0.03744208226048773
42,01568000,0.8263836801052094,0.7588652153937054,0.7470644660567719,-0.06751846471150391,-0.07931921404843745,-0.011800749336933536
42,01580000,0.825469508767128,0.5804913482036397,0.5103347542387258,-0.2449781605634883,-0.31513475452840223,-0.07015659396491392
42,01583500,0.6339698731899261,0.3998584680717786,0.3294472120441619,-0.23411140511814754,-0.30452266114576426,-0.07041125602761672
42,01586610,0.4668953418731689,0.4183655596517471,0.4169703118784,-0.04852978222142179,-0.04992502999476889,-0.001395247773347097
42,01591400,0.4897711277008056,0.5278745439836168,0.4602014953558611,0.038103416282811164,-0.02956963234494453,-0.0676730486277557
42,01594950,0.7266615629196167,0.6980430736113036,0.7184616378170774,-0.028618489308313122,-0.008199925102539307,0.020418564205773815
42,01596500,0.7551342993974686,0.74226213177947,0.6459225640586066,-0.012872167617998587,-0.10921173533886197,-0.09633956772086338
42,01605500,0.6395816504955292,0.5666545310096138,0.5456693724264792,-0.07292711948591535,-0.09391227806905,-0.020985158583134655
42,01606500,0.6664084494113922,0.5675836660101455,0.5351537298964573,-0.09882478340124667,-0.13125471951493495,-0.032429936113688274
42,01613050,0.6480021476745605,0.6501343095819312,0.5885381920195645,0.0021321619073706444,-0.05946395565499607,-0.061596117562366715
42,01620500,0.309487521648407,0.548473938568261,0.5074275408391538,0.238986416919854,0.19794001919074677,-0.04104639772910723
42,01632000,0.5023678839206696,0.3490729119313747,0.3992756373762081,-0.15329497198929487,-0.10309224654446147,0.050202725444833396
42,01632900,0.4547831416130066,0.3904175306624881,0.2399188710879898,-0.06436561095051851,-0.2148642705250168,-0.1504986595744983
42,01634500,0.5465401709079742,0.4731132479427711,0.4503949480237336,-0.07342692296520315,-0.09614522288424066,-0.02271829991903751
42,01638480,0.6250276267528534,0.3162330142818578,0.3721157723521477,-0.3087946124709956,-0.2529118544007057,0.05588275807028992
42,01639500,0.669295608997345,0.4788235547885435,0.5296937052187605,-0.19047205420880148,-0.1396019037785845,0.050870150430216976
42,01644000,0.729272186756134,0.5862556036229398,0.5935061566893569,-0.1430165831331942,-0.13576603006677712,0.007250553066417087
42,01658500,0.5078337788581848,0.348975911649213,0.3329176023270138,-0.15885786720897183,-0.17491617653117103,-0.016058309322199205
42,01664000,0.6679829657077789,0.635545433722809,0.6533828081821483,-0.0324375319849699,-0.014600157525630597,0.017837374459339306
42,01666500,0.4735898375511169,0.4638224349018059,0.5218916431110241,-0.009767402649310974,0.04830180555990721,0.05806920820921818
42,01667500,0.6014082133769989,0.5401127536838399,0.6042559753005889,-0.06129545969315897,0.002847761923590042,0.06414322161674901
42,01669000,0.5922693312168121,0.6421128147127337,0.3949291194998917,0.0498434834959216,-0.19734021171692046,-0.24718369521284206
42,01669520,0.6672232151031494,0.5699062207045608,0.518925570611406,-0.09731699439858865,-0.14829764449174343,-0.05098065009315478
42,02011400,0.7189528346061707,0.7280363305111184,0.6392228571463588,0.009083495904947725,-0.07972997745981181,-0.08881347336475953
42,02011460,0.7082661986351013,0.6367569211136266,0.5269200291491695,-0.07150927752147473,-0.18134616948593185,-0.10983689196445712
42,02013000,0.567242443561554,0.6584742689638068,0.6362815514411301,0.09123182540225283,0.06903910787957612,-0.022192717522676708
42,02014000,0.6385309398174286,0.6692674381884576,0.6670547063158181,0.030736498371028986,0.028523766498389502,-0.002212731872639484
42,02015700,0.7211828231811523,0.6647399992653078,0.6495012009724952,-0.05644282391584454,-0.07168162220865715,-0.015238798292812605
42,02016000,0.7508107274770737,0.7016931953328229,0.7343350172276806,-0.04911753214425074,-0.016475710249393094,0.03264182189485765
42,02017500,0.6863970160484314,0.7015774424124208,0.6911182477882852,0.015180426363989419,0.004721231739853837,-0.010459194624135582
42,02018000,0.5931963324546814,0.6925414724248418,0.6188359347260538,0.09934513997016037,0.025639602271372408,-0.07370553769878796
42,02027000,0.5703352391719818,0.4644327963454142,0.4513390681368424,-0.10590244282656763,-0.11899617103513943,-0.013093728208571798
42,02027500,0.616698682308197,0.4945951661639589,0.4564009847131661,-0.12210351614423814,-0.16029769759503093,-0.038194181450792786
42,02028500,0.6153525710105896,0.5143203546827987,0.5219386153858363,-0.10103221632779091,-0.0934139556247533,0.007618260703037616
42,02038850,0.5396011173725128,0.4918644897292389,0.4427021443509567,-0.04773662764327391,-0.09689897302155615,-0.049162345378282235
42,02046000,0.6040696203708649,0.6859752329861292,0.6586908235575543,0.0819056126152643,0.05462120318668939,-0.027284409428574907
42,02051000,0.4455887675285339,0.4536248658855488,0.4092648455502725,0.00803609835701491,-0.0363239219782614,-0.04436002033527631
42,02051500,0.6321751177310944,0.561388778460718,0.520240914294467,-0.07078633927037636,-0.11193420343662741,-0.04114786416625105
42,02053200,0.4149272441864013,0.5105650649812947,0.3327088158871895,0.09563782079489341,-0.08221842829921183,-0.17785624909410525
42,02053800,0.0646262168884277,0.664324172430247,0.4506617822660885,0.5996979555418193,0.3860355653776608,-0.2136623901641585
42,02055100,0.6119420528411865,0.5741610269868452,0.5783056260119004,-0.03778102585434129,-0.03363642682928614,0.004144599025055151
42,02056900,0.4625748991966247,0.6214202230029505,0.6119147290521244,0.15884532380632582,0.1493398298554997,-0.009505493950826116
42,02059500,0.3798756003379822,0.2524015639584206,0.1498920620650283,-0.12747403637956156,-0.22998353827295387,-0.10250950189339231
42,02064000,0.6691975593566895,0.5826417414019751,0.5170461484637571,-0.08655581795471434,-0.15215141089293238,-0.06559559293821804
42,02065500,0.2602453827857971,0.1603480986461642,0.1743233177342424,-0.09989728413963292,-0.08592206505155472,0.013975219088078195
42,02069700,0.298758327960968,0.3953675028072043,0.2821945797298988,0.09660917484623627,-0.01656374823106921,-0.11317292307730548
42,02070000,0.4665884375572204,0.4441106094361977,0.3674204266122234,-0.022477828121022725,-0.099168010944997,-0.07669018282397427
42,02074500,0.3994359970092773,0.3563285943129807,0.2836785565733171,-0.04310740269629659,-0.1157574404359602,-0.07265003773966361
42,02077200,0.4814932942390442,0.4989228628364069,0.4700275697795485,0.01742956859736272,-0.011465724459495674,-0.028895293056858395
42,02081500,0.6485084593296051,0.5179140186416139,0.573403169801494,-0.1305944406879912,-0.07510528952811113,0.05548915115988007
42,02082950,0.4750838279724121,0.3649569631086256,0.2363908473643395,-0.11012686486378653,-0.23869298060807262,-0.12856611574428609
42,02096846,0.5039719045162201,0.3260995584021163,0.2864822968795192,-0.1778723461141038,-0.2174896076367009,-0.03961726152259709
42,02111180,0.4747900366783142,0.4106372047591811,0.3084944129196919,-0.06415283191913312,-0.16629562375862234,-0.10214279183948921
42,02111500,0.4393893480300903,0.4054700123843039,0.360234780599262,-0.033919335645786364,-0.07915456743082827,-0.04523523178504191
42,02112120,0.2437905669212341,0.1853203111337724,0.2278956992992229,-0.058470255787461706,-0.0158948676220112,0.042575388165450506
42,02112360,0.309937834739685,0.4499893798028239,0.436834407153742,0.14005154506313888,0.126896572414057,-0.013154972649081886
42,02118500,0.4800078272819519,0.4238892980780155,0.4028068128050451,-0.056118529203936396,-0.0772010144769068,-0.021082485272970408
42,02125000,0.7236080467700958,0.4608649379308337,0.4273167841809628,-0.2627431088392621,-0.296291262589133,-0.03354815374987091
42,02128000,0.5037972629070282,0.3966759679949506,0.3769552192073834,-0.10712129491207761,-0.1268420436996448,-0.01972074878756719
42,02137727,0.5892747342586517,0.5532840256355358,0.5289085082395844,-0.03599070862311593,-0.06036622601906738,-0.02437551739595145
42,02140991,0.4921512603759765,0.5094693794920828,0.4581718890658397,0.017318119116106312,-0.033979371310136786,-0.0512974904262431
42,02143000,0.542466551065445,0.5624655666957001,0.4696213402897841,0.01999901563025519,-0.07284521077566086,-0.09284422640591605
42,02143040,0.5291719138622284,0.5849171671659397,0.5264545437464241,0.05574525330371127,-0.0027173701158043073,-0.05846262341951558
42,02149000,0.4360054731369018,0.3930519725746015,0.3266218091170548,-0.042953500562300295,-0.109383664019847,-0.06643016345754671
42,02152100,0.4728371500968933,0.4646115147542461,0.4303716738767502,-0.008225635342647197,-0.04246547622014313,-0.03423984087749593
42,02177000,0.4773218631744385,0.5155838033288941,0.5441980209849305,0.03826194015445561,0.06687615781049205,0.028614217656036445
42,02178400,0.6020056903362274,0.6354350614286446,0.6026364630568907,0.03342937109241717,0.000630772720663253,-0.03279859837175392
42,03010655,0.8219851106405258,0.6835327599071398,0.6629319141452378,-0.13845235073338602,-0.15905319649528804,-0.02060084576190202
42,03011800,0.72829669713974,0.6404021812859485,0.6513246150111335,-0.08789451585379149,-0.07697208212860651,0.010922433725184977
42,03015500,0.7933231741189957,0.6877708932564912,0.6743683183370308,-0.10555228086250446,-0.11895485578196485,-0.013402574919460397
42,03021350,0.6888746321201324,0.5414821020053427,0.5332492544843093,-0.1473925301147897,-0.15562537763582318,-0.008232847521033482
42,03026500,0.7667397707700729,0.6874666835407438,0.6860654706946463,-0.07927308722932913,-0.08067430007542664,-0.0014012128460975104
42,03028000,0.7720380872488022,0.7145690051076705,0.7137372514464926,-0.05746908214113167,-0.0583008358023096,-0.0008317536611779364
42,03049000,0.6854695677757263,0.7322783845862648,0.713724862824751,0.0468088168105385,0.028255295049024687,-0.018553521761513814
42,03049800,0.4650964736938476,0.5438371925715707,0.4831105549996606,0.0787407188777231,0.018014081305813,-0.0607266375719101
42,03050000,0.8081352561712265,0.7447450947680325,0.7320364669220154,-0.06339016140319398,-0.0760987892492111,-0.012708627846017118
42,03066000,0.6959387958049774,0.7120618159630483,0.7233414910572429,0.016123020158070878,0.027402695252265463,0.011279675094194586
42,03069500,0.8395954668521881,0.769393989207005,0.7663888311325364,-0.07020147764518314,-0.07320663571965169,-0.00300515807446855
42,03070500,0.7757079899311066,0.7675660046726629,0.7465443113184013,-0.008141985258443674,-0.0291636786127053,-0.021021693354261628
42,03076600,0.6662947833538055,0.7023782237015641,0.6831449820932116,0.036083440347758566,0.016850198739406075,-0.01923324160835249
42,03078000,0.724259078502655,0.7301418644332969,0.7065683197960695,0.005882785930641843,-0.01769075870658554,-0.023573544637227384
42,03140000,0.7419878840446472,0.6882366764462415,0.6492666343433557,-0.05375120759840568,-0.09272124970129147,-0.038970042102885794
42,03144000,0.8046303540468216,0.6922694372482772,0.6300982151322121,-0.11236091679854443,-0.1745321389146095,-0.06217122211606507
42,03159540,0.7450926601886749,0.7283827965056477,0.7131645739590199,-0.016709863683027182,-0.03192808622965504,-0.015218222546627858
42,03161000,0.7108269929885864,0.6226074232809052,0.6038802460889382,-0.08821956970768119,-0.10694674689964823,-0.018727177191967037
42,03164000,0.7132998406887054,0.5404095260047861,0.529400158087252,-0.17289031468391935,-0.1838996826014534,-0.011009367917534041
42,03165000,0.4933673143386841,0.6974241301457083,0.6148720031736841,0.20405681580702417,0.12150468883499999,-0.08255212697202419
42,03170000,0.7193010151386261,0.7372517906432,0.5532396810810334,0.017950775504573913,-0.1660613340575927,-0.18401210956216663
42,03173000,0.6709279716014862,0.5179064661032311,0.3413556976005623,-0.1530215054982551,-0.3295722740009239,-0.17655076850266882
42,03180500,0.7916303128004074,0.7485485807014245,0.7338305386999602,-0.04308173209898292,-0.05779977410044723,-0.014718042001464315
42,03182500,0.7620920836925507,0.7206435203643443,0.7217539695589645,-0.041448563328206345,-0.04033811413358612,0.0011104491946202222
42,03186500,0.753152072429657,0.7036907929824683,0.7245869154056501,-0.0494612794471887,-0.02856515702400686,0.02089612242318184
42,03187500,0.7843013405799866,0.7427984055261054,0.6820246020695742,-0.04150293505388114,-0.10227673851041241,-0.06077380345653127
42,03213700,0.7471485435962677,0.6140845277178667,0.5633380109587833,-0.133064015878401,-0.18381053263748437,-0.05074651675908337
42,03237280,0.4995501637458801,0.5366966254802983,0.4958118553054584,0.03714646173441816,-0.0037383084404217226,-0.04088477017483988
42,03237500,0.6101970076560974,0.5879229275275324,0.5866401743410576,-0.02227408012856502,-0.02355683331503977,-0.00128275318647475
42,03238500,0.6410711407661438,0.617810204949355,0.6053493179910646,-0.023260935816788786,-0.03572182277507918,-0.012460886958290396
42,03241500,0.8424566686153412,0.7834257485548359,0.7282702764225968,-0.059030920060505254,-0.1141863921927444,-0.05515547213223915
42,03439000,0.6381084322929382,0.6619951409500395,0.5997288577934782,0.023886708657101297,-0.038379574499460056,-0.06226628315656135
42,03450000,0.6001768410205841,0.5524484523748658,0.5391351230324226,-0.04772838864571827,-0.06104171798816149,-0.013313329342443225
42,03455500,0.5975081026554108,0.5353547300867134,0.4907854913654833,-0.06215337256869735,-0.1067226112899275,-0.04456923872123014
42,03456500,0.514581710100174,0.5610514028703693,0.5525619012744261,0.0464696927701953,0.03798019117425211,-0.008489501595943194
42,03460000,0.5590627789497375,0.675586209479101,0.2922578484019412,0.11652343052936343,-0.26680493054779636,-0.3833283610771598
42,03463300,0.6146852076053619,0.6386900445114807,0.661693275716799,0.024004836906118765,0.047008068111437096,0.02300323120531833
42,03471500,0.6050047278404236,0.5630787086182147,0.2864003748189458,-0.041926019222208843,-0.31860435302147777,-0.2766783337992689
42,03473000,0.651015430688858,0.6327105947985031,0.5215842718337382,-0.01830483589035492,-0.1294311588551198,-0.11112632296476488
42,03479000,0.5904825329780579,0.5172588437257037,0.4444105216324844,-0.07322368925235412,-0.14607201134557346,-0.07284832209321934
42,03488000,0.5520996153354645,0.5549282179529789,0.4322698803089289,0.0028286026175143864,-0.1198297350265356,-0.12265833764404999
42,03498500,0.7778043895959854,0.6892464487778307,0.6558540589742301,-0.08855794081815471,-0.12195033062175531,-0.0333923898036006
42,03500000,0.5962549448013306,0.5874377506183228,0.6048144211826716,-0.008817194183007748,0.008559476381341025,0.017376670564348773
42,03500240,0.4798603057861328,0.5254360638946991,0.4164297922601235,0.04557575810856629,-0.06343051352600931,-0.1090062716345756
42,03504000,0.6888448297977448,0.7030634474907191,0.607037689971158,0.014218617692974389,-0.08180713982658672,-0.0960257575195611
42,04105700,-6.49521541595459,-0.1145235287968622,0.3629858484563706,6.380691887157727,6.85820126441096,0.47750937725323284
42,04115265,0.6198511123657227,0.561371983991356,0.5680621680956695,-0.05847912837436664,-0.051788944270053205,0.006690184104313435
42,04122200,0.7449420392513275,0.6583917623705753,0.4857209868857332,-0.08655027688075223,-0.25922105236559434,-0.1726707754848421
42,04185000,0.703324556350708,0.6072830649594975,0.4486888553900598,-0.09604149139121054,-0.2546357009606482,-0.15859420956943765
42,04196800,0.6919821202754974,0.6405909780733756,0.6415014803471015,-0.05139114220212182,-0.05048063992839591,0.0009105022737259105
42,04197100,0.4603975415229797,0.6999983487622629,0.6818457088814254,0.23960080723928318,0.2214481673584457,-0.018152639880837484
42,04197170,0.6748644411563873,0.6158680273044532,0.5446940820429036,-0.058996413851934104,-0.13017035911348374,-0.07117394526154963
42,04213000,0.6113697290420532,0.5892018656589515,0.5928647112703547,-0.022167863383101727,-0.01850501777169855,0.003662845611403176
42,04213075,0.4541064500808716,0.2592768290169668,0.2302203671763282,-0.19482962106390478,-0.22388608290454337,-0.029056461840638592
42,04216418,0.6301741898059845,0.5064668392993308,0.4971757834335679,-0.12370735050665371,-0.1329984063724166,-0.009291055865762898
42,04221000,0.8065134286880493,0.6911061601944044,0.6353474889841532,-0.11540726849364491,-0.17116593970389615,-0.05575867121025124
42,04224775,0.7216935753822327,0.591011266532186,0.5249403242204683,-0.1306823088500466,-0.19675325116176434,-0.06607094231171773
42,04233000,0.6884565353393555,0.6104443330025908,0.578130183325261,-0.07801220233676465,-0.11032635201409446,-0.03231414967732982
42,04256000,0.7491010427474976,0.762769928587703,0.7246304791145224,0.013668885840205425,-0.024470563632975173,-0.0381394494731806
42,04296000,0.6445250511169434,0.6947950888850905,0.593008838886421,0.05027003776814709,-0.051516212230522385,-0.10178624999866948
